,Dataset Name,Number of samples,Original Number of features,Filtering Algorithm,Learning algorithm,Number of features selected (K),CV Method,Fold,Measure Type,Measure Value,List of Selected Features Names,Selected Features scores
0,toy_example,80,44,f_classif_wrapper,GaussianNB(),1,Leave-one-out,2,ACC,0.6875,,
1,toy_example,80,44,RFE_wrapper,GaussianNB(),1,Leave-one-out,2,ACC,0.5625,,
2,toy_example,80,44,relieff_wrapper,GaussianNB(),1,Leave-one-out,2,ACC,0.6875,,
3,toy_example,80,44,relaxed_lasso_wrapper,GaussianNB(),1,Leave-one-out,2,ACC,,,
4,toy_example,80,44,mrmr_wrapper,GaussianNB(),1,Leave-one-out,2,ACC,0.71875,,
5,toy_example,80,44,f_classif_wrapper,GaussianNB(),2,Leave-one-out,2,ACC,0.703125,,
6,toy_example,80,44,RFE_wrapper,GaussianNB(),2,Leave-one-out,2,ACC,0.65625,,
7,toy_example,80,44,relieff_wrapper,GaussianNB(),2,Leave-one-out,2,ACC,0.65625,,
8,toy_example,80,44,relaxed_lasso_wrapper,GaussianNB(),2,Leave-one-out,2,ACC,,,
9,toy_example,80,44,mrmr_wrapper,GaussianNB(),2,Leave-one-out,2,ACC,0.671875,,
10,toy_example,80,44,f_classif_wrapper,GaussianNB(),3,Leave-one-out,2,ACC,0.65625,,
11,toy_example,80,44,RFE_wrapper,GaussianNB(),3,Leave-one-out,2,ACC,0.625,,
12,toy_example,80,44,relieff_wrapper,GaussianNB(),3,Leave-one-out,2,ACC,0.734375,,
13,toy_example,80,44,relaxed_lasso_wrapper,GaussianNB(),3,Leave-one-out,2,ACC,,,
14,toy_example,80,44,mrmr_wrapper,GaussianNB(),3,Leave-one-out,2,ACC,0.734375,,
15,toy_example,80,44,f_classif_wrapper,GaussianNB(),4,Leave-one-out,2,ACC,0.734375,,
16,toy_example,80,44,RFE_wrapper,GaussianNB(),4,Leave-one-out,2,ACC,0.609375,,
17,toy_example,80,44,relieff_wrapper,GaussianNB(),4,Leave-one-out,2,ACC,0.75,,
18,toy_example,80,44,relaxed_lasso_wrapper,GaussianNB(),4,Leave-one-out,2,ACC,,,
19,toy_example,80,44,mrmr_wrapper,GaussianNB(),4,Leave-one-out,2,ACC,0.734375,,
20,toy_example,80,44,f_classif_wrapper,GaussianNB(),5,Leave-one-out,2,ACC,0.75,,
21,toy_example,80,44,RFE_wrapper,GaussianNB(),5,Leave-one-out,2,ACC,0.6875,,
22,toy_example,80,44,relieff_wrapper,GaussianNB(),5,Leave-one-out,2,ACC,0.75,,
23,toy_example,80,44,relaxed_lasso_wrapper,GaussianNB(),5,Leave-one-out,2,ACC,,,
24,toy_example,80,44,mrmr_wrapper,GaussianNB(),5,Leave-one-out,2,ACC,0.71875,,
25,toy_example,80,44,f_classif_wrapper,GaussianNB(),10,Leave-one-out,2,ACC,0.765625,,
26,toy_example,80,44,RFE_wrapper,GaussianNB(),10,Leave-one-out,2,ACC,0.71875,,
27,toy_example,80,44,relieff_wrapper,GaussianNB(),10,Leave-one-out,2,ACC,0.75,,
28,toy_example,80,44,relaxed_lasso_wrapper,GaussianNB(),10,Leave-one-out,2,ACC,,,
29,toy_example,80,44,mrmr_wrapper,GaussianNB(),10,Leave-one-out,2,ACC,0.796875,,
30,toy_example,80,44,f_classif_wrapper,GaussianNB(),15,Leave-one-out,2,ACC,0.734375,,
31,toy_example,80,44,RFE_wrapper,GaussianNB(),15,Leave-one-out,2,ACC,0.796875,,
32,toy_example,80,44,relieff_wrapper,GaussianNB(),15,Leave-one-out,2,ACC,0.78125,,
33,toy_example,80,44,relaxed_lasso_wrapper,GaussianNB(),15,Leave-one-out,2,ACC,,,
34,toy_example,80,44,mrmr_wrapper,GaussianNB(),15,Leave-one-out,2,ACC,0.78125,,
35,toy_example,80,44,f_classif_wrapper,GaussianNB(),20,Leave-one-out,2,ACC,0.765625,,
36,toy_example,80,44,RFE_wrapper,GaussianNB(),20,Leave-one-out,2,ACC,0.78125,,
37,toy_example,80,44,relieff_wrapper,GaussianNB(),20,Leave-one-out,2,ACC,0.78125,,
38,toy_example,80,44,relaxed_lasso_wrapper,GaussianNB(),20,Leave-one-out,2,ACC,,,
39,toy_example,80,44,mrmr_wrapper,GaussianNB(),20,Leave-one-out,2,ACC,0.765625,,
40,toy_example,80,44,f_classif_wrapper,GaussianNB(),30,Leave-one-out,2,ACC,0.78125,,
41,toy_example,80,44,RFE_wrapper,GaussianNB(),30,Leave-one-out,2,ACC,0.78125,,
42,toy_example,80,44,relieff_wrapper,GaussianNB(),30,Leave-one-out,2,ACC,0.796875,,
43,toy_example,80,44,relaxed_lasso_wrapper,GaussianNB(),30,Leave-one-out,2,ACC,,,
44,toy_example,80,44,mrmr_wrapper,GaussianNB(),30,Leave-one-out,2,ACC,0.734375,,
45,toy_example,80,44,f_classif_wrapper,GaussianNB(),50,Leave-one-out,2,ACC,,,
46,toy_example,80,44,RFE_wrapper,GaussianNB(),50,Leave-one-out,2,ACC,,,
47,toy_example,80,44,relieff_wrapper,GaussianNB(),50,Leave-one-out,2,ACC,,,
48,toy_example,80,44,relaxed_lasso_wrapper,GaussianNB(),50,Leave-one-out,2,ACC,,,
49,toy_example,80,44,mrmr_wrapper,GaussianNB(),50,Leave-one-out,2,ACC,,,
50,toy_example,80,44,f_classif_wrapper,GaussianNB(),100,Leave-one-out,2,ACC,,,
51,toy_example,80,44,RFE_wrapper,GaussianNB(),100,Leave-one-out,2,ACC,,,
52,toy_example,80,44,relieff_wrapper,GaussianNB(),100,Leave-one-out,2,ACC,,,
53,toy_example,80,44,relaxed_lasso_wrapper,GaussianNB(),100,Leave-one-out,2,ACC,,,
54,toy_example,80,44,mrmr_wrapper,GaussianNB(),100,Leave-one-out,2,ACC,,,
55,toy_example,80,44,f_classif_wrapper,SVC(),1,Leave-one-out,2,ACC,,,
56,toy_example,80,44,RFE_wrapper,SVC(),1,Leave-one-out,2,ACC,,,
57,toy_example,80,44,relieff_wrapper,SVC(),1,Leave-one-out,2,ACC,,,
58,toy_example,80,44,relaxed_lasso_wrapper,SVC(),1,Leave-one-out,2,ACC,,,
59,toy_example,80,44,mrmr_wrapper,SVC(),1,Leave-one-out,2,ACC,,,
60,toy_example,80,44,f_classif_wrapper,SVC(),2,Leave-one-out,2,ACC,,,
61,toy_example,80,44,RFE_wrapper,SVC(),2,Leave-one-out,2,ACC,,,
62,toy_example,80,44,relieff_wrapper,SVC(),2,Leave-one-out,2,ACC,,,
63,toy_example,80,44,relaxed_lasso_wrapper,SVC(),2,Leave-one-out,2,ACC,,,
64,toy_example,80,44,mrmr_wrapper,SVC(),2,Leave-one-out,2,ACC,,,
65,toy_example,80,44,f_classif_wrapper,SVC(),3,Leave-one-out,2,ACC,,,
66,toy_example,80,44,RFE_wrapper,SVC(),3,Leave-one-out,2,ACC,,,
67,toy_example,80,44,relieff_wrapper,SVC(),3,Leave-one-out,2,ACC,,,
68,toy_example,80,44,relaxed_lasso_wrapper,SVC(),3,Leave-one-out,2,ACC,,,
69,toy_example,80,44,mrmr_wrapper,SVC(),3,Leave-one-out,2,ACC,,,
70,toy_example,80,44,f_classif_wrapper,SVC(),4,Leave-one-out,2,ACC,,,
71,toy_example,80,44,RFE_wrapper,SVC(),4,Leave-one-out,2,ACC,,,
72,toy_example,80,44,relieff_wrapper,SVC(),4,Leave-one-out,2,ACC,,,
73,toy_example,80,44,relaxed_lasso_wrapper,SVC(),4,Leave-one-out,2,ACC,,,
74,toy_example,80,44,mrmr_wrapper,SVC(),4,Leave-one-out,2,ACC,,,
75,toy_example,80,44,f_classif_wrapper,SVC(),5,Leave-one-out,2,ACC,,,
76,toy_example,80,44,RFE_wrapper,SVC(),5,Leave-one-out,2,ACC,,,
77,toy_example,80,44,relieff_wrapper,SVC(),5,Leave-one-out,2,ACC,,,
78,toy_example,80,44,relaxed_lasso_wrapper,SVC(),5,Leave-one-out,2,ACC,,,
79,toy_example,80,44,mrmr_wrapper,SVC(),5,Leave-one-out,2,ACC,,,
80,toy_example,80,44,f_classif_wrapper,SVC(),10,Leave-one-out,2,ACC,,,
81,toy_example,80,44,RFE_wrapper,SVC(),10,Leave-one-out,2,ACC,,,
82,toy_example,80,44,relieff_wrapper,SVC(),10,Leave-one-out,2,ACC,,,
83,toy_example,80,44,relaxed_lasso_wrapper,SVC(),10,Leave-one-out,2,ACC,,,
84,toy_example,80,44,mrmr_wrapper,SVC(),10,Leave-one-out,2,ACC,,,
85,toy_example,80,44,f_classif_wrapper,SVC(),15,Leave-one-out,2,ACC,,,
86,toy_example,80,44,RFE_wrapper,SVC(),15,Leave-one-out,2,ACC,,,
87,toy_example,80,44,relieff_wrapper,SVC(),15,Leave-one-out,2,ACC,,,
88,toy_example,80,44,relaxed_lasso_wrapper,SVC(),15,Leave-one-out,2,ACC,,,
89,toy_example,80,44,mrmr_wrapper,SVC(),15,Leave-one-out,2,ACC,,,
90,toy_example,80,44,f_classif_wrapper,SVC(),20,Leave-one-out,2,ACC,,,
91,toy_example,80,44,RFE_wrapper,SVC(),20,Leave-one-out,2,ACC,,,
92,toy_example,80,44,relieff_wrapper,SVC(),20,Leave-one-out,2,ACC,,,
93,toy_example,80,44,relaxed_lasso_wrapper,SVC(),20,Leave-one-out,2,ACC,,,
94,toy_example,80,44,mrmr_wrapper,SVC(),20,Leave-one-out,2,ACC,,,
95,toy_example,80,44,f_classif_wrapper,SVC(),30,Leave-one-out,2,ACC,,,
96,toy_example,80,44,RFE_wrapper,SVC(),30,Leave-one-out,2,ACC,,,
97,toy_example,80,44,relieff_wrapper,SVC(),30,Leave-one-out,2,ACC,,,
98,toy_example,80,44,relaxed_lasso_wrapper,SVC(),30,Leave-one-out,2,ACC,,,
99,toy_example,80,44,mrmr_wrapper,SVC(),30,Leave-one-out,2,ACC,,,
100,toy_example,80,44,f_classif_wrapper,SVC(),50,Leave-one-out,2,ACC,,,
101,toy_example,80,44,RFE_wrapper,SVC(),50,Leave-one-out,2,ACC,,,
102,toy_example,80,44,relieff_wrapper,SVC(),50,Leave-one-out,2,ACC,,,
103,toy_example,80,44,relaxed_lasso_wrapper,SVC(),50,Leave-one-out,2,ACC,,,
104,toy_example,80,44,mrmr_wrapper,SVC(),50,Leave-one-out,2,ACC,,,
105,toy_example,80,44,f_classif_wrapper,SVC(),100,Leave-one-out,2,ACC,,,
106,toy_example,80,44,RFE_wrapper,SVC(),100,Leave-one-out,2,ACC,,,
107,toy_example,80,44,relieff_wrapper,SVC(),100,Leave-one-out,2,ACC,,,
108,toy_example,80,44,relaxed_lasso_wrapper,SVC(),100,Leave-one-out,2,ACC,,,
109,toy_example,80,44,mrmr_wrapper,SVC(),100,Leave-one-out,2,ACC,,,
110,toy_example,80,44,f_classif_wrapper,RandomForestClassifier(),1,Leave-one-out,2,ACC,0.671875,,
111,toy_example,80,44,RFE_wrapper,RandomForestClassifier(),1,Leave-one-out,2,ACC,0.59375,,
112,toy_example,80,44,relieff_wrapper,RandomForestClassifier(),1,Leave-one-out,2,ACC,0.671875,,
113,toy_example,80,44,relaxed_lasso_wrapper,RandomForestClassifier(),1,Leave-one-out,2,ACC,,,
114,toy_example,80,44,mrmr_wrapper,RandomForestClassifier(),1,Leave-one-out,2,ACC,0.5625,,
115,toy_example,80,44,f_classif_wrapper,RandomForestClassifier(),2,Leave-one-out,2,ACC,0.640625,,
116,toy_example,80,44,RFE_wrapper,RandomForestClassifier(),2,Leave-one-out,2,ACC,0.6875,,
117,toy_example,80,44,relieff_wrapper,RandomForestClassifier(),2,Leave-one-out,2,ACC,0.671875,,
118,toy_example,80,44,relaxed_lasso_wrapper,RandomForestClassifier(),2,Leave-one-out,2,ACC,,,
119,toy_example,80,44,mrmr_wrapper,RandomForestClassifier(),2,Leave-one-out,2,ACC,0.671875,,
120,toy_example,80,44,f_classif_wrapper,RandomForestClassifier(),3,Leave-one-out,2,ACC,0.6875,,
121,toy_example,80,44,RFE_wrapper,RandomForestClassifier(),3,Leave-one-out,2,ACC,0.65625,,
122,toy_example,80,44,relieff_wrapper,RandomForestClassifier(),3,Leave-one-out,2,ACC,0.640625,,
123,toy_example,80,44,relaxed_lasso_wrapper,RandomForestClassifier(),3,Leave-one-out,2,ACC,,,
124,toy_example,80,44,mrmr_wrapper,RandomForestClassifier(),3,Leave-one-out,2,ACC,0.671875,,
125,toy_example,80,44,f_classif_wrapper,RandomForestClassifier(),4,Leave-one-out,2,ACC,0.734375,,
126,toy_example,80,44,RFE_wrapper,RandomForestClassifier(),4,Leave-one-out,2,ACC,0.59375,,
127,toy_example,80,44,relieff_wrapper,RandomForestClassifier(),4,Leave-one-out,2,ACC,0.671875,,
128,toy_example,80,44,relaxed_lasso_wrapper,RandomForestClassifier(),4,Leave-one-out,2,ACC,,,
129,toy_example,80,44,mrmr_wrapper,RandomForestClassifier(),4,Leave-one-out,2,ACC,0.6875,,
130,toy_example,80,44,f_classif_wrapper,RandomForestClassifier(),5,Leave-one-out,2,ACC,0.75,,
131,toy_example,80,44,RFE_wrapper,RandomForestClassifier(),5,Leave-one-out,2,ACC,0.703125,,
132,toy_example,80,44,relieff_wrapper,RandomForestClassifier(),5,Leave-one-out,2,ACC,0.6875,,
133,toy_example,80,44,relaxed_lasso_wrapper,RandomForestClassifier(),5,Leave-one-out,2,ACC,,,
134,toy_example,80,44,mrmr_wrapper,RandomForestClassifier(),5,Leave-one-out,2,ACC,0.65625,,
135,toy_example,80,44,f_classif_wrapper,RandomForestClassifier(),10,Leave-one-out,2,ACC,0.75,,
136,toy_example,80,44,RFE_wrapper,RandomForestClassifier(),10,Leave-one-out,2,ACC,0.671875,,
137,toy_example,80,44,relieff_wrapper,RandomForestClassifier(),10,Leave-one-out,2,ACC,0.703125,,
138,toy_example,80,44,relaxed_lasso_wrapper,RandomForestClassifier(),10,Leave-one-out,2,ACC,,,
139,toy_example,80,44,mrmr_wrapper,RandomForestClassifier(),10,Leave-one-out,2,ACC,0.75,,
140,toy_example,80,44,f_classif_wrapper,RandomForestClassifier(),15,Leave-one-out,2,ACC,0.75,,
141,toy_example,80,44,RFE_wrapper,RandomForestClassifier(),15,Leave-one-out,2,ACC,0.703125,,
142,toy_example,80,44,relieff_wrapper,RandomForestClassifier(),15,Leave-one-out,2,ACC,0.71875,,
143,toy_example,80,44,relaxed_lasso_wrapper,RandomForestClassifier(),15,Leave-one-out,2,ACC,,,
144,toy_example,80,44,mrmr_wrapper,RandomForestClassifier(),15,Leave-one-out,2,ACC,0.796875,,
145,toy_example,80,44,f_classif_wrapper,RandomForestClassifier(),20,Leave-one-out,2,ACC,0.75,,
146,toy_example,80,44,RFE_wrapper,RandomForestClassifier(),20,Leave-one-out,2,ACC,0.734375,,
147,toy_example,80,44,relieff_wrapper,RandomForestClassifier(),20,Leave-one-out,2,ACC,0.734375,,
148,toy_example,80,44,relaxed_lasso_wrapper,RandomForestClassifier(),20,Leave-one-out,2,ACC,,,
149,toy_example,80,44,mrmr_wrapper,RandomForestClassifier(),20,Leave-one-out,2,ACC,0.75,,
150,toy_example,80,44,f_classif_wrapper,RandomForestClassifier(),30,Leave-one-out,2,ACC,0.75,,
151,toy_example,80,44,RFE_wrapper,RandomForestClassifier(),30,Leave-one-out,2,ACC,0.71875,,
152,toy_example,80,44,relieff_wrapper,RandomForestClassifier(),30,Leave-one-out,2,ACC,0.78125,,
153,toy_example,80,44,relaxed_lasso_wrapper,RandomForestClassifier(),30,Leave-one-out,2,ACC,,,
154,toy_example,80,44,mrmr_wrapper,RandomForestClassifier(),30,Leave-one-out,2,ACC,0.703125,,
155,toy_example,80,44,f_classif_wrapper,RandomForestClassifier(),50,Leave-one-out,2,ACC,,,
156,toy_example,80,44,RFE_wrapper,RandomForestClassifier(),50,Leave-one-out,2,ACC,,,
157,toy_example,80,44,relieff_wrapper,RandomForestClassifier(),50,Leave-one-out,2,ACC,,,
158,toy_example,80,44,relaxed_lasso_wrapper,RandomForestClassifier(),50,Leave-one-out,2,ACC,,,
159,toy_example,80,44,mrmr_wrapper,RandomForestClassifier(),50,Leave-one-out,2,ACC,,,
160,toy_example,80,44,f_classif_wrapper,RandomForestClassifier(),100,Leave-one-out,2,ACC,,,
161,toy_example,80,44,RFE_wrapper,RandomForestClassifier(),100,Leave-one-out,2,ACC,,,
162,toy_example,80,44,relieff_wrapper,RandomForestClassifier(),100,Leave-one-out,2,ACC,,,
163,toy_example,80,44,relaxed_lasso_wrapper,RandomForestClassifier(),100,Leave-one-out,2,ACC,,,
164,toy_example,80,44,mrmr_wrapper,RandomForestClassifier(),100,Leave-one-out,2,ACC,,,
165,toy_example,80,44,f_classif_wrapper,LogisticRegression(),1,Leave-one-out,2,ACC,0.703125,,
166,toy_example,80,44,RFE_wrapper,LogisticRegression(),1,Leave-one-out,2,ACC,0.609375,,
167,toy_example,80,44,relieff_wrapper,LogisticRegression(),1,Leave-one-out,2,ACC,0.703125,,
168,toy_example,80,44,relaxed_lasso_wrapper,LogisticRegression(),1,Leave-one-out,2,ACC,,,
169,toy_example,80,44,mrmr_wrapper,LogisticRegression(),1,Leave-one-out,2,ACC,0.671875,,
170,toy_example,80,44,f_classif_wrapper,LogisticRegression(),2,Leave-one-out,2,ACC,0.703125,,
171,toy_example,80,44,RFE_wrapper,LogisticRegression(),2,Leave-one-out,2,ACC,0.546875,,
172,toy_example,80,44,relieff_wrapper,LogisticRegression(),2,Leave-one-out,2,ACC,0.640625,,
173,toy_example,80,44,relaxed_lasso_wrapper,LogisticRegression(),2,Leave-one-out,2,ACC,,,
174,toy_example,80,44,mrmr_wrapper,LogisticRegression(),2,Leave-one-out,2,ACC,0.59375,,
175,toy_example,80,44,f_classif_wrapper,LogisticRegression(),3,Leave-one-out,2,ACC,0.671875,,
176,toy_example,80,44,RFE_wrapper,LogisticRegression(),3,Leave-one-out,2,ACC,0.609375,,
177,toy_example,80,44,relieff_wrapper,LogisticRegression(),3,Leave-one-out,2,ACC,0.6875,,
178,toy_example,80,44,relaxed_lasso_wrapper,LogisticRegression(),3,Leave-one-out,2,ACC,,,
179,toy_example,80,44,mrmr_wrapper,LogisticRegression(),3,Leave-one-out,2,ACC,0.65625,,
180,toy_example,80,44,f_classif_wrapper,LogisticRegression(),4,Leave-one-out,2,ACC,0.71875,,
181,toy_example,80,44,RFE_wrapper,LogisticRegression(),4,Leave-one-out,2,ACC,0.53125,,
182,toy_example,80,44,relieff_wrapper,LogisticRegression(),4,Leave-one-out,2,ACC,0.65625,,
183,toy_example,80,44,relaxed_lasso_wrapper,LogisticRegression(),4,Leave-one-out,2,ACC,,,
184,toy_example,80,44,mrmr_wrapper,LogisticRegression(),4,Leave-one-out,2,ACC,0.65625,,
185,toy_example,80,44,f_classif_wrapper,LogisticRegression(),5,Leave-one-out,2,ACC,0.703125,,
186,toy_example,80,44,RFE_wrapper,LogisticRegression(),5,Leave-one-out,2,ACC,0.65625,,
187,toy_example,80,44,relieff_wrapper,LogisticRegression(),5,Leave-one-out,2,ACC,0.703125,,
188,toy_example,80,44,relaxed_lasso_wrapper,LogisticRegression(),5,Leave-one-out,2,ACC,,,
189,toy_example,80,44,mrmr_wrapper,LogisticRegression(),5,Leave-one-out,2,ACC,0.625,,
190,toy_example,80,44,f_classif_wrapper,LogisticRegression(),10,Leave-one-out,2,ACC,0.734375,,
191,toy_example,80,44,RFE_wrapper,LogisticRegression(),10,Leave-one-out,2,ACC,0.734375,,
192,toy_example,80,44,relieff_wrapper,LogisticRegression(),10,Leave-one-out,2,ACC,0.6875,,
193,toy_example,80,44,relaxed_lasso_wrapper,LogisticRegression(),10,Leave-one-out,2,ACC,,,
194,toy_example,80,44,mrmr_wrapper,LogisticRegression(),10,Leave-one-out,2,ACC,0.765625,,
195,toy_example,80,44,f_classif_wrapper,LogisticRegression(),15,Leave-one-out,2,ACC,0.75,,
196,toy_example,80,44,RFE_wrapper,LogisticRegression(),15,Leave-one-out,2,ACC,0.78125,,
197,toy_example,80,44,relieff_wrapper,LogisticRegression(),15,Leave-one-out,2,ACC,0.71875,,
198,toy_example,80,44,relaxed_lasso_wrapper,LogisticRegression(),15,Leave-one-out,2,ACC,,,
199,toy_example,80,44,mrmr_wrapper,LogisticRegression(),15,Leave-one-out,2,ACC,0.765625,,
200,toy_example,80,44,f_classif_wrapper,LogisticRegression(),20,Leave-one-out,2,ACC,0.71875,,
201,toy_example,80,44,RFE_wrapper,LogisticRegression(),20,Leave-one-out,2,ACC,0.71875,,
202,toy_example,80,44,relieff_wrapper,LogisticRegression(),20,Leave-one-out,2,ACC,0.734375,,
203,toy_example,80,44,relaxed_lasso_wrapper,LogisticRegression(),20,Leave-one-out,2,ACC,,,
204,toy_example,80,44,mrmr_wrapper,LogisticRegression(),20,Leave-one-out,2,ACC,0.703125,,
205,toy_example,80,44,f_classif_wrapper,LogisticRegression(),30,Leave-one-out,2,ACC,0.734375,,
206,toy_example,80,44,RFE_wrapper,LogisticRegression(),30,Leave-one-out,2,ACC,0.765625,,
207,toy_example,80,44,relieff_wrapper,LogisticRegression(),30,Leave-one-out,2,ACC,0.75,,
208,toy_example,80,44,relaxed_lasso_wrapper,LogisticRegression(),30,Leave-one-out,2,ACC,,,
209,toy_example,80,44,mrmr_wrapper,LogisticRegression(),30,Leave-one-out,2,ACC,0.75,,
210,toy_example,80,44,f_classif_wrapper,LogisticRegression(),50,Leave-one-out,2,ACC,,,
211,toy_example,80,44,RFE_wrapper,LogisticRegression(),50,Leave-one-out,2,ACC,,,
212,toy_example,80,44,relieff_wrapper,LogisticRegression(),50,Leave-one-out,2,ACC,,,
213,toy_example,80,44,relaxed_lasso_wrapper,LogisticRegression(),50,Leave-one-out,2,ACC,,,
214,toy_example,80,44,mrmr_wrapper,LogisticRegression(),50,Leave-one-out,2,ACC,,,
215,toy_example,80,44,f_classif_wrapper,LogisticRegression(),100,Leave-one-out,2,ACC,,,
216,toy_example,80,44,RFE_wrapper,LogisticRegression(),100,Leave-one-out,2,ACC,,,
217,toy_example,80,44,relieff_wrapper,LogisticRegression(),100,Leave-one-out,2,ACC,,,
218,toy_example,80,44,relaxed_lasso_wrapper,LogisticRegression(),100,Leave-one-out,2,ACC,,,
219,toy_example,80,44,mrmr_wrapper,LogisticRegression(),100,Leave-one-out,2,ACC,,,
220,toy_example,80,44,f_classif_wrapper,KNeighborsClassifier(),1,Leave-one-out,2,ACC,0.671875,,
221,toy_example,80,44,RFE_wrapper,KNeighborsClassifier(),1,Leave-one-out,2,ACC,0.46875,,
222,toy_example,80,44,relieff_wrapper,KNeighborsClassifier(),1,Leave-one-out,2,ACC,0.671875,,
223,toy_example,80,44,relaxed_lasso_wrapper,KNeighborsClassifier(),1,Leave-one-out,2,ACC,,,
224,toy_example,80,44,mrmr_wrapper,KNeighborsClassifier(),1,Leave-one-out,2,ACC,0.578125,,
225,toy_example,80,44,f_classif_wrapper,KNeighborsClassifier(),2,Leave-one-out,2,ACC,0.71875,,
226,toy_example,80,44,RFE_wrapper,KNeighborsClassifier(),2,Leave-one-out,2,ACC,0.578125,,
227,toy_example,80,44,relieff_wrapper,KNeighborsClassifier(),2,Leave-one-out,2,ACC,0.703125,,
228,toy_example,80,44,relaxed_lasso_wrapper,KNeighborsClassifier(),2,Leave-one-out,2,ACC,,,
229,toy_example,80,44,mrmr_wrapper,KNeighborsClassifier(),2,Leave-one-out,2,ACC,0.609375,,
230,toy_example,80,44,f_classif_wrapper,KNeighborsClassifier(),3,Leave-one-out,2,ACC,0.671875,,
231,toy_example,80,44,RFE_wrapper,KNeighborsClassifier(),3,Leave-one-out,2,ACC,0.515625,,
232,toy_example,80,44,relieff_wrapper,KNeighborsClassifier(),3,Leave-one-out,2,ACC,0.65625,,
233,toy_example,80,44,relaxed_lasso_wrapper,KNeighborsClassifier(),3,Leave-one-out,2,ACC,,,
234,toy_example,80,44,mrmr_wrapper,KNeighborsClassifier(),3,Leave-one-out,2,ACC,0.671875,,
235,toy_example,80,44,f_classif_wrapper,KNeighborsClassifier(),4,Leave-one-out,2,ACC,0.71875,,
236,toy_example,80,44,RFE_wrapper,KNeighborsClassifier(),4,Leave-one-out,2,ACC,0.671875,,
237,toy_example,80,44,relieff_wrapper,KNeighborsClassifier(),4,Leave-one-out,2,ACC,0.703125,,
238,toy_example,80,44,relaxed_lasso_wrapper,KNeighborsClassifier(),4,Leave-one-out,2,ACC,,,
239,toy_example,80,44,mrmr_wrapper,KNeighborsClassifier(),4,Leave-one-out,2,ACC,0.65625,,
240,toy_example,80,44,f_classif_wrapper,KNeighborsClassifier(),5,Leave-one-out,2,ACC,0.71875,,
241,toy_example,80,44,RFE_wrapper,KNeighborsClassifier(),5,Leave-one-out,2,ACC,0.671875,,
242,toy_example,80,44,relieff_wrapper,KNeighborsClassifier(),5,Leave-one-out,2,ACC,0.71875,,
243,toy_example,80,44,relaxed_lasso_wrapper,KNeighborsClassifier(),5,Leave-one-out,2,ACC,,,
244,toy_example,80,44,mrmr_wrapper,KNeighborsClassifier(),5,Leave-one-out,2,ACC,0.65625,,
245,toy_example,80,44,f_classif_wrapper,KNeighborsClassifier(),10,Leave-one-out,2,ACC,0.734375,,
246,toy_example,80,44,RFE_wrapper,KNeighborsClassifier(),10,Leave-one-out,2,ACC,0.734375,,
247,toy_example,80,44,relieff_wrapper,KNeighborsClassifier(),10,Leave-one-out,2,ACC,0.71875,,
248,toy_example,80,44,relaxed_lasso_wrapper,KNeighborsClassifier(),10,Leave-one-out,2,ACC,,,
249,toy_example,80,44,mrmr_wrapper,KNeighborsClassifier(),10,Leave-one-out,2,ACC,0.640625,,
250,toy_example,80,44,f_classif_wrapper,KNeighborsClassifier(),15,Leave-one-out,2,ACC,0.703125,,
251,toy_example,80,44,RFE_wrapper,KNeighborsClassifier(),15,Leave-one-out,2,ACC,0.703125,,
252,toy_example,80,44,relieff_wrapper,KNeighborsClassifier(),15,Leave-one-out,2,ACC,0.734375,,
253,toy_example,80,44,relaxed_lasso_wrapper,KNeighborsClassifier(),15,Leave-one-out,2,ACC,,,
254,toy_example,80,44,mrmr_wrapper,KNeighborsClassifier(),15,Leave-one-out,2,ACC,0.671875,,
255,toy_example,80,44,f_classif_wrapper,KNeighborsClassifier(),20,Leave-one-out,2,ACC,0.71875,,
256,toy_example,80,44,RFE_wrapper,KNeighborsClassifier(),20,Leave-one-out,2,ACC,0.734375,,
257,toy_example,80,44,relieff_wrapper,KNeighborsClassifier(),20,Leave-one-out,2,ACC,0.703125,,
258,toy_example,80,44,relaxed_lasso_wrapper,KNeighborsClassifier(),20,Leave-one-out,2,ACC,,,
259,toy_example,80,44,mrmr_wrapper,KNeighborsClassifier(),20,Leave-one-out,2,ACC,0.78125,,
260,toy_example,80,44,f_classif_wrapper,KNeighborsClassifier(),30,Leave-one-out,2,ACC,0.765625,,
261,toy_example,80,44,RFE_wrapper,KNeighborsClassifier(),30,Leave-one-out,2,ACC,0.71875,,
262,toy_example,80,44,relieff_wrapper,KNeighborsClassifier(),30,Leave-one-out,2,ACC,0.765625,,
263,toy_example,80,44,relaxed_lasso_wrapper,KNeighborsClassifier(),30,Leave-one-out,2,ACC,,,
264,toy_example,80,44,mrmr_wrapper,KNeighborsClassifier(),30,Leave-one-out,2,ACC,0.734375,,
265,toy_example,80,44,f_classif_wrapper,KNeighborsClassifier(),50,Leave-one-out,2,ACC,,,
266,toy_example,80,44,RFE_wrapper,KNeighborsClassifier(),50,Leave-one-out,2,ACC,,,
267,toy_example,80,44,relieff_wrapper,KNeighborsClassifier(),50,Leave-one-out,2,ACC,,,
268,toy_example,80,44,relaxed_lasso_wrapper,KNeighborsClassifier(),50,Leave-one-out,2,ACC,,,
269,toy_example,80,44,mrmr_wrapper,KNeighborsClassifier(),50,Leave-one-out,2,ACC,,,
270,toy_example,80,44,f_classif_wrapper,KNeighborsClassifier(),100,Leave-one-out,2,ACC,,,
271,toy_example,80,44,RFE_wrapper,KNeighborsClassifier(),100,Leave-one-out,2,ACC,,,
272,toy_example,80,44,relieff_wrapper,KNeighborsClassifier(),100,Leave-one-out,2,ACC,,,
273,toy_example,80,44,relaxed_lasso_wrapper,KNeighborsClassifier(),100,Leave-one-out,2,ACC,,,
274,toy_example,80,44,mrmr_wrapper,KNeighborsClassifier(),100,Leave-one-out,2,ACC,,,
275,toy_example,80,44,f_classif_wrapper,GaussianNB(),1,Leave-one-out,2,AUC,0.7450980392156863,,
276,toy_example,80,44,RFE_wrapper,GaussianNB(),1,Leave-one-out,2,AUC,0.5892156862745098,,
277,toy_example,80,44,relieff_wrapper,GaussianNB(),1,Leave-one-out,2,AUC,0.7450980392156863,,
278,toy_example,80,44,relaxed_lasso_wrapper,GaussianNB(),1,Leave-one-out,2,AUC,,,
279,toy_example,80,44,mrmr_wrapper,GaussianNB(),1,Leave-one-out,2,AUC,0.7411764705882353,,
280,toy_example,80,44,f_classif_wrapper,GaussianNB(),2,Leave-one-out,2,AUC,0.7186274509803923,,
281,toy_example,80,44,RFE_wrapper,GaussianNB(),2,Leave-one-out,2,AUC,0.6215686274509804,,
282,toy_example,80,44,relieff_wrapper,GaussianNB(),2,Leave-one-out,2,AUC,0.7588235294117647,,
283,toy_example,80,44,relaxed_lasso_wrapper,GaussianNB(),2,Leave-one-out,2,AUC,,,
284,toy_example,80,44,mrmr_wrapper,GaussianNB(),2,Leave-one-out,2,AUC,0.7147058823529412,,
285,toy_example,80,44,f_classif_wrapper,GaussianNB(),3,Leave-one-out,2,AUC,0.7352941176470588,,
286,toy_example,80,44,RFE_wrapper,GaussianNB(),3,Leave-one-out,2,AUC,0.6196078431372549,,
287,toy_example,80,44,relieff_wrapper,GaussianNB(),3,Leave-one-out,2,AUC,0.7352941176470589,,
288,toy_example,80,44,relaxed_lasso_wrapper,GaussianNB(),3,Leave-one-out,2,AUC,,,
289,toy_example,80,44,mrmr_wrapper,GaussianNB(),3,Leave-one-out,2,AUC,0.7549019607843137,,
290,toy_example,80,44,f_classif_wrapper,GaussianNB(),4,Leave-one-out,2,AUC,0.780392156862745,,
291,toy_example,80,44,RFE_wrapper,GaussianNB(),4,Leave-one-out,2,AUC,0.6176470588235294,,
292,toy_example,80,44,relieff_wrapper,GaussianNB(),4,Leave-one-out,2,AUC,0.7784313725490197,,
293,toy_example,80,44,relaxed_lasso_wrapper,GaussianNB(),4,Leave-one-out,2,AUC,,,
294,toy_example,80,44,mrmr_wrapper,GaussianNB(),4,Leave-one-out,2,AUC,0.7372549019607844,,
295,toy_example,80,44,f_classif_wrapper,GaussianNB(),5,Leave-one-out,2,AUC,0.807843137254902,,
296,toy_example,80,44,RFE_wrapper,GaussianNB(),5,Leave-one-out,2,AUC,0.7568627450980392,,
297,toy_example,80,44,relieff_wrapper,GaussianNB(),5,Leave-one-out,2,AUC,0.8176470588235294,,
298,toy_example,80,44,relaxed_lasso_wrapper,GaussianNB(),5,Leave-one-out,2,AUC,,,
299,toy_example,80,44,mrmr_wrapper,GaussianNB(),5,Leave-one-out,2,AUC,0.7254901960784313,,
300,toy_example,80,44,f_classif_wrapper,GaussianNB(),10,Leave-one-out,2,AUC,0.8156862745098039,,
301,toy_example,80,44,RFE_wrapper,GaussianNB(),10,Leave-one-out,2,AUC,0.7509803921568627,,
302,toy_example,80,44,relieff_wrapper,GaussianNB(),10,Leave-one-out,2,AUC,0.7980392156862746,,
303,toy_example,80,44,relaxed_lasso_wrapper,GaussianNB(),10,Leave-one-out,2,AUC,,,
304,toy_example,80,44,mrmr_wrapper,GaussianNB(),10,Leave-one-out,2,AUC,0.8705882352941177,,
305,toy_example,80,44,f_classif_wrapper,GaussianNB(),15,Leave-one-out,2,AUC,0.7941176470588236,,
306,toy_example,80,44,RFE_wrapper,GaussianNB(),15,Leave-one-out,2,AUC,0.8352941176470587,,
307,toy_example,80,44,relieff_wrapper,GaussianNB(),15,Leave-one-out,2,AUC,0.8156862745098039,,
308,toy_example,80,44,relaxed_lasso_wrapper,GaussianNB(),15,Leave-one-out,2,AUC,,,
309,toy_example,80,44,mrmr_wrapper,GaussianNB(),15,Leave-one-out,2,AUC,0.8745098039215686,,
310,toy_example,80,44,f_classif_wrapper,GaussianNB(),20,Leave-one-out,2,AUC,0.8098039215686275,,
311,toy_example,80,44,RFE_wrapper,GaussianNB(),20,Leave-one-out,2,AUC,0.7843137254901961,,
312,toy_example,80,44,relieff_wrapper,GaussianNB(),20,Leave-one-out,2,AUC,0.803921568627451,,
313,toy_example,80,44,relaxed_lasso_wrapper,GaussianNB(),20,Leave-one-out,2,AUC,,,
314,toy_example,80,44,mrmr_wrapper,GaussianNB(),20,Leave-one-out,2,AUC,0.8450980392156862,,
315,toy_example,80,44,f_classif_wrapper,GaussianNB(),30,Leave-one-out,2,AUC,0.8235294117647058,,
316,toy_example,80,44,RFE_wrapper,GaussianNB(),30,Leave-one-out,2,AUC,0.8215686274509805,,
317,toy_example,80,44,relieff_wrapper,GaussianNB(),30,Leave-one-out,2,AUC,0.8607843137254902,,
318,toy_example,80,44,relaxed_lasso_wrapper,GaussianNB(),30,Leave-one-out,2,AUC,,,
319,toy_example,80,44,mrmr_wrapper,GaussianNB(),30,Leave-one-out,2,AUC,0.8215686274509804,,
320,toy_example,80,44,f_classif_wrapper,GaussianNB(),50,Leave-one-out,2,AUC,,,
321,toy_example,80,44,RFE_wrapper,GaussianNB(),50,Leave-one-out,2,AUC,,,
322,toy_example,80,44,relieff_wrapper,GaussianNB(),50,Leave-one-out,2,AUC,,,
323,toy_example,80,44,relaxed_lasso_wrapper,GaussianNB(),50,Leave-one-out,2,AUC,,,
324,toy_example,80,44,mrmr_wrapper,GaussianNB(),50,Leave-one-out,2,AUC,,,
325,toy_example,80,44,f_classif_wrapper,GaussianNB(),100,Leave-one-out,2,AUC,,,
326,toy_example,80,44,RFE_wrapper,GaussianNB(),100,Leave-one-out,2,AUC,,,
327,toy_example,80,44,relieff_wrapper,GaussianNB(),100,Leave-one-out,2,AUC,,,
328,toy_example,80,44,relaxed_lasso_wrapper,GaussianNB(),100,Leave-one-out,2,AUC,,,
329,toy_example,80,44,mrmr_wrapper,GaussianNB(),100,Leave-one-out,2,AUC,,,
330,toy_example,80,44,f_classif_wrapper,SVC(),1,Leave-one-out,2,AUC,,,
331,toy_example,80,44,RFE_wrapper,SVC(),1,Leave-one-out,2,AUC,,,
332,toy_example,80,44,relieff_wrapper,SVC(),1,Leave-one-out,2,AUC,,,
333,toy_example,80,44,relaxed_lasso_wrapper,SVC(),1,Leave-one-out,2,AUC,,,
334,toy_example,80,44,mrmr_wrapper,SVC(),1,Leave-one-out,2,AUC,,,
335,toy_example,80,44,f_classif_wrapper,SVC(),2,Leave-one-out,2,AUC,,,
336,toy_example,80,44,RFE_wrapper,SVC(),2,Leave-one-out,2,AUC,,,
337,toy_example,80,44,relieff_wrapper,SVC(),2,Leave-one-out,2,AUC,,,
338,toy_example,80,44,relaxed_lasso_wrapper,SVC(),2,Leave-one-out,2,AUC,,,
339,toy_example,80,44,mrmr_wrapper,SVC(),2,Leave-one-out,2,AUC,,,
340,toy_example,80,44,f_classif_wrapper,SVC(),3,Leave-one-out,2,AUC,,,
341,toy_example,80,44,RFE_wrapper,SVC(),3,Leave-one-out,2,AUC,,,
342,toy_example,80,44,relieff_wrapper,SVC(),3,Leave-one-out,2,AUC,,,
343,toy_example,80,44,relaxed_lasso_wrapper,SVC(),3,Leave-one-out,2,AUC,,,
344,toy_example,80,44,mrmr_wrapper,SVC(),3,Leave-one-out,2,AUC,,,
345,toy_example,80,44,f_classif_wrapper,SVC(),4,Leave-one-out,2,AUC,,,
346,toy_example,80,44,RFE_wrapper,SVC(),4,Leave-one-out,2,AUC,,,
347,toy_example,80,44,relieff_wrapper,SVC(),4,Leave-one-out,2,AUC,,,
348,toy_example,80,44,relaxed_lasso_wrapper,SVC(),4,Leave-one-out,2,AUC,,,
349,toy_example,80,44,mrmr_wrapper,SVC(),4,Leave-one-out,2,AUC,,,
350,toy_example,80,44,f_classif_wrapper,SVC(),5,Leave-one-out,2,AUC,,,
351,toy_example,80,44,RFE_wrapper,SVC(),5,Leave-one-out,2,AUC,,,
352,toy_example,80,44,relieff_wrapper,SVC(),5,Leave-one-out,2,AUC,,,
353,toy_example,80,44,relaxed_lasso_wrapper,SVC(),5,Leave-one-out,2,AUC,,,
354,toy_example,80,44,mrmr_wrapper,SVC(),5,Leave-one-out,2,AUC,,,
355,toy_example,80,44,f_classif_wrapper,SVC(),10,Leave-one-out,2,AUC,,,
356,toy_example,80,44,RFE_wrapper,SVC(),10,Leave-one-out,2,AUC,,,
357,toy_example,80,44,relieff_wrapper,SVC(),10,Leave-one-out,2,AUC,,,
358,toy_example,80,44,relaxed_lasso_wrapper,SVC(),10,Leave-one-out,2,AUC,,,
359,toy_example,80,44,mrmr_wrapper,SVC(),10,Leave-one-out,2,AUC,,,
360,toy_example,80,44,f_classif_wrapper,SVC(),15,Leave-one-out,2,AUC,,,
361,toy_example,80,44,RFE_wrapper,SVC(),15,Leave-one-out,2,AUC,,,
362,toy_example,80,44,relieff_wrapper,SVC(),15,Leave-one-out,2,AUC,,,
363,toy_example,80,44,relaxed_lasso_wrapper,SVC(),15,Leave-one-out,2,AUC,,,
364,toy_example,80,44,mrmr_wrapper,SVC(),15,Leave-one-out,2,AUC,,,
365,toy_example,80,44,f_classif_wrapper,SVC(),20,Leave-one-out,2,AUC,,,
366,toy_example,80,44,RFE_wrapper,SVC(),20,Leave-one-out,2,AUC,,,
367,toy_example,80,44,relieff_wrapper,SVC(),20,Leave-one-out,2,AUC,,,
368,toy_example,80,44,relaxed_lasso_wrapper,SVC(),20,Leave-one-out,2,AUC,,,
369,toy_example,80,44,mrmr_wrapper,SVC(),20,Leave-one-out,2,AUC,,,
370,toy_example,80,44,f_classif_wrapper,SVC(),30,Leave-one-out,2,AUC,,,
371,toy_example,80,44,RFE_wrapper,SVC(),30,Leave-one-out,2,AUC,,,
372,toy_example,80,44,relieff_wrapper,SVC(),30,Leave-one-out,2,AUC,,,
373,toy_example,80,44,relaxed_lasso_wrapper,SVC(),30,Leave-one-out,2,AUC,,,
374,toy_example,80,44,mrmr_wrapper,SVC(),30,Leave-one-out,2,AUC,,,
375,toy_example,80,44,f_classif_wrapper,SVC(),50,Leave-one-out,2,AUC,,,
376,toy_example,80,44,RFE_wrapper,SVC(),50,Leave-one-out,2,AUC,,,
377,toy_example,80,44,relieff_wrapper,SVC(),50,Leave-one-out,2,AUC,,,
378,toy_example,80,44,relaxed_lasso_wrapper,SVC(),50,Leave-one-out,2,AUC,,,
379,toy_example,80,44,mrmr_wrapper,SVC(),50,Leave-one-out,2,AUC,,,
380,toy_example,80,44,f_classif_wrapper,SVC(),100,Leave-one-out,2,AUC,,,
381,toy_example,80,44,RFE_wrapper,SVC(),100,Leave-one-out,2,AUC,,,
382,toy_example,80,44,relieff_wrapper,SVC(),100,Leave-one-out,2,AUC,,,
383,toy_example,80,44,relaxed_lasso_wrapper,SVC(),100,Leave-one-out,2,AUC,,,
384,toy_example,80,44,mrmr_wrapper,SVC(),100,Leave-one-out,2,AUC,,,
385,toy_example,80,44,f_classif_wrapper,RandomForestClassifier(),1,Leave-one-out,2,AUC,0.7529411764705882,,
386,toy_example,80,44,RFE_wrapper,RandomForestClassifier(),1,Leave-one-out,2,AUC,0.5931372549019607,,
387,toy_example,80,44,relieff_wrapper,RandomForestClassifier(),1,Leave-one-out,2,AUC,0.7529411764705882,,
388,toy_example,80,44,relaxed_lasso_wrapper,RandomForestClassifier(),1,Leave-one-out,2,AUC,,,
389,toy_example,80,44,mrmr_wrapper,RandomForestClassifier(),1,Leave-one-out,2,AUC,0.7401960784313726,,
390,toy_example,80,44,f_classif_wrapper,RandomForestClassifier(),2,Leave-one-out,2,AUC,0.7078431372549019,,
391,toy_example,80,44,RFE_wrapper,RandomForestClassifier(),2,Leave-one-out,2,AUC,0.6735294117647058,,
392,toy_example,80,44,relieff_wrapper,RandomForestClassifier(),2,Leave-one-out,2,AUC,0.7519607843137255,,
393,toy_example,80,44,relaxed_lasso_wrapper,RandomForestClassifier(),2,Leave-one-out,2,AUC,,,
394,toy_example,80,44,mrmr_wrapper,RandomForestClassifier(),2,Leave-one-out,2,AUC,0.6941176470588235,,
395,toy_example,80,44,f_classif_wrapper,RandomForestClassifier(),3,Leave-one-out,2,AUC,0.7196078431372549,,
396,toy_example,80,44,RFE_wrapper,RandomForestClassifier(),3,Leave-one-out,2,AUC,0.6784313725490196,,
397,toy_example,80,44,relieff_wrapper,RandomForestClassifier(),3,Leave-one-out,2,AUC,0.7392156862745098,,
398,toy_example,80,44,relaxed_lasso_wrapper,RandomForestClassifier(),3,Leave-one-out,2,AUC,,,
399,toy_example,80,44,mrmr_wrapper,RandomForestClassifier(),3,Leave-one-out,2,AUC,0.7696078431372548,,
400,toy_example,80,44,f_classif_wrapper,RandomForestClassifier(),4,Leave-one-out,2,AUC,0.7607843137254902,,
401,toy_example,80,44,RFE_wrapper,RandomForestClassifier(),4,Leave-one-out,2,AUC,0.7098039215686274,,
402,toy_example,80,44,relieff_wrapper,RandomForestClassifier(),4,Leave-one-out,2,AUC,0.7294117647058824,,
403,toy_example,80,44,relaxed_lasso_wrapper,RandomForestClassifier(),4,Leave-one-out,2,AUC,,,
404,toy_example,80,44,mrmr_wrapper,RandomForestClassifier(),4,Leave-one-out,2,AUC,0.7607843137254902,,
405,toy_example,80,44,f_classif_wrapper,RandomForestClassifier(),5,Leave-one-out,2,AUC,0.7823529411764705,,
406,toy_example,80,44,RFE_wrapper,RandomForestClassifier(),5,Leave-one-out,2,AUC,0.8196078431372549,,
407,toy_example,80,44,relieff_wrapper,RandomForestClassifier(),5,Leave-one-out,2,AUC,0.7823529411764706,,
408,toy_example,80,44,relaxed_lasso_wrapper,RandomForestClassifier(),5,Leave-one-out,2,AUC,,,
409,toy_example,80,44,mrmr_wrapper,RandomForestClassifier(),5,Leave-one-out,2,AUC,0.6823529411764706,,
410,toy_example,80,44,f_classif_wrapper,RandomForestClassifier(),10,Leave-one-out,2,AUC,0.792156862745098,,
411,toy_example,80,44,RFE_wrapper,RandomForestClassifier(),10,Leave-one-out,2,AUC,0.7960784313725491,,
412,toy_example,80,44,relieff_wrapper,RandomForestClassifier(),10,Leave-one-out,2,AUC,0.723529411764706,,
413,toy_example,80,44,relaxed_lasso_wrapper,RandomForestClassifier(),10,Leave-one-out,2,AUC,,,
414,toy_example,80,44,mrmr_wrapper,RandomForestClassifier(),10,Leave-one-out,2,AUC,0.8372549019607844,,
415,toy_example,80,44,f_classif_wrapper,RandomForestClassifier(),15,Leave-one-out,2,AUC,0.780392156862745,,
416,toy_example,80,44,RFE_wrapper,RandomForestClassifier(),15,Leave-one-out,2,AUC,0.8254901960784313,,
417,toy_example,80,44,relieff_wrapper,RandomForestClassifier(),15,Leave-one-out,2,AUC,0.7607843137254902,,
418,toy_example,80,44,relaxed_lasso_wrapper,RandomForestClassifier(),15,Leave-one-out,2,AUC,,,
419,toy_example,80,44,mrmr_wrapper,RandomForestClassifier(),15,Leave-one-out,2,AUC,0.8313725490196078,,
420,toy_example,80,44,f_classif_wrapper,RandomForestClassifier(),20,Leave-one-out,2,AUC,0.7745098039215687,,
421,toy_example,80,44,RFE_wrapper,RandomForestClassifier(),20,Leave-one-out,2,AUC,0.8254901960784313,,
422,toy_example,80,44,relieff_wrapper,RandomForestClassifier(),20,Leave-one-out,2,AUC,0.7745098039215685,,
423,toy_example,80,44,relaxed_lasso_wrapper,RandomForestClassifier(),20,Leave-one-out,2,AUC,,,
424,toy_example,80,44,mrmr_wrapper,RandomForestClassifier(),20,Leave-one-out,2,AUC,0.8098039215686275,,
425,toy_example,80,44,f_classif_wrapper,RandomForestClassifier(),30,Leave-one-out,2,AUC,0.8215686274509804,,
426,toy_example,80,44,RFE_wrapper,RandomForestClassifier(),30,Leave-one-out,2,AUC,0.8235294117647058,,
427,toy_example,80,44,relieff_wrapper,RandomForestClassifier(),30,Leave-one-out,2,AUC,0.8019607843137255,,
428,toy_example,80,44,relaxed_lasso_wrapper,RandomForestClassifier(),30,Leave-one-out,2,AUC,,,
429,toy_example,80,44,mrmr_wrapper,RandomForestClassifier(),30,Leave-one-out,2,AUC,0.7647058823529411,,
430,toy_example,80,44,f_classif_wrapper,RandomForestClassifier(),50,Leave-one-out,2,AUC,,,
431,toy_example,80,44,RFE_wrapper,RandomForestClassifier(),50,Leave-one-out,2,AUC,,,
432,toy_example,80,44,relieff_wrapper,RandomForestClassifier(),50,Leave-one-out,2,AUC,,,
433,toy_example,80,44,relaxed_lasso_wrapper,RandomForestClassifier(),50,Leave-one-out,2,AUC,,,
434,toy_example,80,44,mrmr_wrapper,RandomForestClassifier(),50,Leave-one-out,2,AUC,,,
435,toy_example,80,44,f_classif_wrapper,RandomForestClassifier(),100,Leave-one-out,2,AUC,,,
436,toy_example,80,44,RFE_wrapper,RandomForestClassifier(),100,Leave-one-out,2,AUC,,,
437,toy_example,80,44,relieff_wrapper,RandomForestClassifier(),100,Leave-one-out,2,AUC,,,
438,toy_example,80,44,relaxed_lasso_wrapper,RandomForestClassifier(),100,Leave-one-out,2,AUC,,,
439,toy_example,80,44,mrmr_wrapper,RandomForestClassifier(),100,Leave-one-out,2,AUC,,,
440,toy_example,80,44,f_classif_wrapper,LogisticRegression(),1,Leave-one-out,2,AUC,0.7450980392156863,,
441,toy_example,80,44,RFE_wrapper,LogisticRegression(),1,Leave-one-out,2,AUC,0.6460784313725491,,
442,toy_example,80,44,relieff_wrapper,LogisticRegression(),1,Leave-one-out,2,AUC,0.7450980392156863,,
443,toy_example,80,44,relaxed_lasso_wrapper,LogisticRegression(),1,Leave-one-out,2,AUC,,,
444,toy_example,80,44,mrmr_wrapper,LogisticRegression(),1,Leave-one-out,2,AUC,0.6470588235294118,,
445,toy_example,80,44,f_classif_wrapper,LogisticRegression(),2,Leave-one-out,2,AUC,0.7068627450980391,,
446,toy_example,80,44,RFE_wrapper,LogisticRegression(),2,Leave-one-out,2,AUC,0.6431372549019607,,
447,toy_example,80,44,relieff_wrapper,LogisticRegression(),2,Leave-one-out,2,AUC,0.7529411764705882,,
448,toy_example,80,44,relaxed_lasso_wrapper,LogisticRegression(),2,Leave-one-out,2,AUC,,,
449,toy_example,80,44,mrmr_wrapper,LogisticRegression(),2,Leave-one-out,2,AUC,0.6519607843137255,,
450,toy_example,80,44,f_classif_wrapper,LogisticRegression(),3,Leave-one-out,2,AUC,0.7196078431372548,,
451,toy_example,80,44,RFE_wrapper,LogisticRegression(),3,Leave-one-out,2,AUC,0.6823529411764706,,
452,toy_example,80,44,relieff_wrapper,LogisticRegression(),3,Leave-one-out,2,AUC,0.7392156862745098,,
453,toy_example,80,44,relaxed_lasso_wrapper,LogisticRegression(),3,Leave-one-out,2,AUC,,,
454,toy_example,80,44,mrmr_wrapper,LogisticRegression(),3,Leave-one-out,2,AUC,0.7058823529411765,,
455,toy_example,80,44,f_classif_wrapper,LogisticRegression(),4,Leave-one-out,2,AUC,0.7588235294117647,,
456,toy_example,80,44,RFE_wrapper,LogisticRegression(),4,Leave-one-out,2,AUC,0.6137254901960785,,
457,toy_example,80,44,relieff_wrapper,LogisticRegression(),4,Leave-one-out,2,AUC,0.7568627450980392,,
458,toy_example,80,44,relaxed_lasso_wrapper,LogisticRegression(),4,Leave-one-out,2,AUC,,,
459,toy_example,80,44,mrmr_wrapper,LogisticRegression(),4,Leave-one-out,2,AUC,0.7,,
460,toy_example,80,44,f_classif_wrapper,LogisticRegression(),5,Leave-one-out,2,AUC,0.7843137254901961,,
461,toy_example,80,44,RFE_wrapper,LogisticRegression(),5,Leave-one-out,2,AUC,0.7647058823529411,,
462,toy_example,80,44,relieff_wrapper,LogisticRegression(),5,Leave-one-out,2,AUC,0.8196078431372549,,
463,toy_example,80,44,relaxed_lasso_wrapper,LogisticRegression(),5,Leave-one-out,2,AUC,,,
464,toy_example,80,44,mrmr_wrapper,LogisticRegression(),5,Leave-one-out,2,AUC,0.7058823529411764,,
465,toy_example,80,44,f_classif_wrapper,LogisticRegression(),10,Leave-one-out,2,AUC,0.807843137254902,,
466,toy_example,80,44,RFE_wrapper,LogisticRegression(),10,Leave-one-out,2,AUC,0.7882352941176471,,
467,toy_example,80,44,relieff_wrapper,LogisticRegression(),10,Leave-one-out,2,AUC,0.7823529411764706,,
468,toy_example,80,44,relaxed_lasso_wrapper,LogisticRegression(),10,Leave-one-out,2,AUC,,,
469,toy_example,80,44,mrmr_wrapper,LogisticRegression(),10,Leave-one-out,2,AUC,0.8196078431372549,,
470,toy_example,80,44,f_classif_wrapper,LogisticRegression(),15,Leave-one-out,2,AUC,0.8117647058823529,,
471,toy_example,80,44,RFE_wrapper,LogisticRegression(),15,Leave-one-out,2,AUC,0.8117647058823529,,
472,toy_example,80,44,relieff_wrapper,LogisticRegression(),15,Leave-one-out,2,AUC,0.7784313725490196,,
473,toy_example,80,44,relaxed_lasso_wrapper,LogisticRegression(),15,Leave-one-out,2,AUC,,,
474,toy_example,80,44,mrmr_wrapper,LogisticRegression(),15,Leave-one-out,2,AUC,0.7823529411764706,,
475,toy_example,80,44,f_classif_wrapper,LogisticRegression(),20,Leave-one-out,2,AUC,0.803921568627451,,
476,toy_example,80,44,RFE_wrapper,LogisticRegression(),20,Leave-one-out,2,AUC,0.788235294117647,,
477,toy_example,80,44,relieff_wrapper,LogisticRegression(),20,Leave-one-out,2,AUC,0.7843137254901962,,
478,toy_example,80,44,relaxed_lasso_wrapper,LogisticRegression(),20,Leave-one-out,2,AUC,,,
479,toy_example,80,44,mrmr_wrapper,LogisticRegression(),20,Leave-one-out,2,AUC,0.7568627450980392,,
480,toy_example,80,44,f_classif_wrapper,LogisticRegression(),30,Leave-one-out,2,AUC,0.8019607843137255,,
481,toy_example,80,44,RFE_wrapper,LogisticRegression(),30,Leave-one-out,2,AUC,0.792156862745098,,
482,toy_example,80,44,relieff_wrapper,LogisticRegression(),30,Leave-one-out,2,AUC,0.7980392156862746,,
483,toy_example,80,44,relaxed_lasso_wrapper,LogisticRegression(),30,Leave-one-out,2,AUC,,,
484,toy_example,80,44,mrmr_wrapper,LogisticRegression(),30,Leave-one-out,2,AUC,0.7745098039215687,,
485,toy_example,80,44,f_classif_wrapper,LogisticRegression(),50,Leave-one-out,2,AUC,,,
486,toy_example,80,44,RFE_wrapper,LogisticRegression(),50,Leave-one-out,2,AUC,,,
487,toy_example,80,44,relieff_wrapper,LogisticRegression(),50,Leave-one-out,2,AUC,,,
488,toy_example,80,44,relaxed_lasso_wrapper,LogisticRegression(),50,Leave-one-out,2,AUC,,,
489,toy_example,80,44,mrmr_wrapper,LogisticRegression(),50,Leave-one-out,2,AUC,,,
490,toy_example,80,44,f_classif_wrapper,LogisticRegression(),100,Leave-one-out,2,AUC,,,
491,toy_example,80,44,RFE_wrapper,LogisticRegression(),100,Leave-one-out,2,AUC,,,
492,toy_example,80,44,relieff_wrapper,LogisticRegression(),100,Leave-one-out,2,AUC,,,
493,toy_example,80,44,relaxed_lasso_wrapper,LogisticRegression(),100,Leave-one-out,2,AUC,,,
494,toy_example,80,44,mrmr_wrapper,LogisticRegression(),100,Leave-one-out,2,AUC,,,
495,toy_example,80,44,f_classif_wrapper,KNeighborsClassifier(),1,Leave-one-out,2,AUC,0.7313725490196079,,
496,toy_example,80,44,RFE_wrapper,KNeighborsClassifier(),1,Leave-one-out,2,AUC,0.5068627450980392,,
497,toy_example,80,44,relieff_wrapper,KNeighborsClassifier(),1,Leave-one-out,2,AUC,0.7313725490196079,,
498,toy_example,80,44,relaxed_lasso_wrapper,KNeighborsClassifier(),1,Leave-one-out,2,AUC,,,
499,toy_example,80,44,mrmr_wrapper,KNeighborsClassifier(),1,Leave-one-out,2,AUC,0.5970588235294118,,
500,toy_example,80,44,f_classif_wrapper,KNeighborsClassifier(),2,Leave-one-out,2,AUC,0.718627450980392,,
501,toy_example,80,44,RFE_wrapper,KNeighborsClassifier(),2,Leave-one-out,2,AUC,0.6225490196078431,,
502,toy_example,80,44,relieff_wrapper,KNeighborsClassifier(),2,Leave-one-out,2,AUC,0.6941176470588235,,
503,toy_example,80,44,relaxed_lasso_wrapper,KNeighborsClassifier(),2,Leave-one-out,2,AUC,,,
504,toy_example,80,44,mrmr_wrapper,KNeighborsClassifier(),2,Leave-one-out,2,AUC,0.634313725490196,,
505,toy_example,80,44,f_classif_wrapper,KNeighborsClassifier(),3,Leave-one-out,2,AUC,0.7303921568627452,,
506,toy_example,80,44,RFE_wrapper,KNeighborsClassifier(),3,Leave-one-out,2,AUC,0.5588235294117647,,
507,toy_example,80,44,relieff_wrapper,KNeighborsClassifier(),3,Leave-one-out,2,AUC,0.6872549019607843,,
508,toy_example,80,44,relaxed_lasso_wrapper,KNeighborsClassifier(),3,Leave-one-out,2,AUC,,,
509,toy_example,80,44,mrmr_wrapper,KNeighborsClassifier(),3,Leave-one-out,2,AUC,0.7107843137254901,,
510,toy_example,80,44,f_classif_wrapper,KNeighborsClassifier(),4,Leave-one-out,2,AUC,0.7264705882352942,,
511,toy_example,80,44,RFE_wrapper,KNeighborsClassifier(),4,Leave-one-out,2,AUC,0.6588235294117647,,
512,toy_example,80,44,relieff_wrapper,KNeighborsClassifier(),4,Leave-one-out,2,AUC,0.7333333333333333,,
513,toy_example,80,44,relaxed_lasso_wrapper,KNeighborsClassifier(),4,Leave-one-out,2,AUC,,,
514,toy_example,80,44,mrmr_wrapper,KNeighborsClassifier(),4,Leave-one-out,2,AUC,0.6549019607843137,,
515,toy_example,80,44,f_classif_wrapper,KNeighborsClassifier(),5,Leave-one-out,2,AUC,0.7568627450980392,,
516,toy_example,80,44,RFE_wrapper,KNeighborsClassifier(),5,Leave-one-out,2,AUC,0.6882352941176471,,
517,toy_example,80,44,relieff_wrapper,KNeighborsClassifier(),5,Leave-one-out,2,AUC,0.7676470588235295,,
518,toy_example,80,44,relaxed_lasso_wrapper,KNeighborsClassifier(),5,Leave-one-out,2,AUC,,,
519,toy_example,80,44,mrmr_wrapper,KNeighborsClassifier(),5,Leave-one-out,2,AUC,0.6990196078431372,,
520,toy_example,80,44,f_classif_wrapper,KNeighborsClassifier(),10,Leave-one-out,2,AUC,0.7990196078431373,,
521,toy_example,80,44,RFE_wrapper,KNeighborsClassifier(),10,Leave-one-out,2,AUC,0.7362745098039216,,
522,toy_example,80,44,relieff_wrapper,KNeighborsClassifier(),10,Leave-one-out,2,AUC,0.7745098039215687,,
523,toy_example,80,44,relaxed_lasso_wrapper,KNeighborsClassifier(),10,Leave-one-out,2,AUC,,,
524,toy_example,80,44,mrmr_wrapper,KNeighborsClassifier(),10,Leave-one-out,2,AUC,0.6892156862745098,,
525,toy_example,80,44,f_classif_wrapper,KNeighborsClassifier(),15,Leave-one-out,2,AUC,0.7754901960784313,,
526,toy_example,80,44,RFE_wrapper,KNeighborsClassifier(),15,Leave-one-out,2,AUC,0.803921568627451,,
527,toy_example,80,44,relieff_wrapper,KNeighborsClassifier(),15,Leave-one-out,2,AUC,0.7519607843137255,,
528,toy_example,80,44,relaxed_lasso_wrapper,KNeighborsClassifier(),15,Leave-one-out,2,AUC,,,
529,toy_example,80,44,mrmr_wrapper,KNeighborsClassifier(),15,Leave-one-out,2,AUC,0.7137254901960783,,
530,toy_example,80,44,f_classif_wrapper,KNeighborsClassifier(),20,Leave-one-out,2,AUC,0.7686274509803923,,
531,toy_example,80,44,RFE_wrapper,KNeighborsClassifier(),20,Leave-one-out,2,AUC,0.7607843137254902,,
532,toy_example,80,44,relieff_wrapper,KNeighborsClassifier(),20,Leave-one-out,2,AUC,0.7705882352941176,,
533,toy_example,80,44,relaxed_lasso_wrapper,KNeighborsClassifier(),20,Leave-one-out,2,AUC,,,
534,toy_example,80,44,mrmr_wrapper,KNeighborsClassifier(),20,Leave-one-out,2,AUC,0.7754901960784314,,
535,toy_example,80,44,f_classif_wrapper,KNeighborsClassifier(),30,Leave-one-out,2,AUC,0.8137254901960784,,
536,toy_example,80,44,RFE_wrapper,KNeighborsClassifier(),30,Leave-one-out,2,AUC,0.75,,
537,toy_example,80,44,relieff_wrapper,KNeighborsClassifier(),30,Leave-one-out,2,AUC,0.8480392156862745,,
538,toy_example,80,44,relaxed_lasso_wrapper,KNeighborsClassifier(),30,Leave-one-out,2,AUC,,,
539,toy_example,80,44,mrmr_wrapper,KNeighborsClassifier(),30,Leave-one-out,2,AUC,0.6833333333333333,,
540,toy_example,80,44,f_classif_wrapper,KNeighborsClassifier(),50,Leave-one-out,2,AUC,,,
541,toy_example,80,44,RFE_wrapper,KNeighborsClassifier(),50,Leave-one-out,2,AUC,,,
542,toy_example,80,44,relieff_wrapper,KNeighborsClassifier(),50,Leave-one-out,2,AUC,,,
543,toy_example,80,44,relaxed_lasso_wrapper,KNeighborsClassifier(),50,Leave-one-out,2,AUC,,,
544,toy_example,80,44,mrmr_wrapper,KNeighborsClassifier(),50,Leave-one-out,2,AUC,,,
545,toy_example,80,44,f_classif_wrapper,KNeighborsClassifier(),100,Leave-one-out,2,AUC,,,
546,toy_example,80,44,RFE_wrapper,KNeighborsClassifier(),100,Leave-one-out,2,AUC,,,
547,toy_example,80,44,relieff_wrapper,KNeighborsClassifier(),100,Leave-one-out,2,AUC,,,
548,toy_example,80,44,relaxed_lasso_wrapper,KNeighborsClassifier(),100,Leave-one-out,2,AUC,,,
549,toy_example,80,44,mrmr_wrapper,KNeighborsClassifier(),100,Leave-one-out,2,AUC,,,
550,toy_example,80,44,f_classif_wrapper,GaussianNB(),1,Leave-one-out,2,PR-AUC,0.6875,,
551,toy_example,80,44,RFE_wrapper,GaussianNB(),1,Leave-one-out,2,PR-AUC,0.5625,,
552,toy_example,80,44,relieff_wrapper,GaussianNB(),1,Leave-one-out,2,PR-AUC,0.6875,,
553,toy_example,80,44,relaxed_lasso_wrapper,GaussianNB(),1,Leave-one-out,2,PR-AUC,,,
554,toy_example,80,44,mrmr_wrapper,GaussianNB(),1,Leave-one-out,2,PR-AUC,0.71875,,
555,toy_example,80,44,f_classif_wrapper,GaussianNB(),2,Leave-one-out,2,PR-AUC,0.703125,,
556,toy_example,80,44,RFE_wrapper,GaussianNB(),2,Leave-one-out,2,PR-AUC,0.65625,,
557,toy_example,80,44,relieff_wrapper,GaussianNB(),2,Leave-one-out,2,PR-AUC,0.65625,,
558,toy_example,80,44,relaxed_lasso_wrapper,GaussianNB(),2,Leave-one-out,2,PR-AUC,,,
559,toy_example,80,44,mrmr_wrapper,GaussianNB(),2,Leave-one-out,2,PR-AUC,0.671875,,
560,toy_example,80,44,f_classif_wrapper,GaussianNB(),3,Leave-one-out,2,PR-AUC,0.65625,,
561,toy_example,80,44,RFE_wrapper,GaussianNB(),3,Leave-one-out,2,PR-AUC,0.625,,
562,toy_example,80,44,relieff_wrapper,GaussianNB(),3,Leave-one-out,2,PR-AUC,0.734375,,
563,toy_example,80,44,relaxed_lasso_wrapper,GaussianNB(),3,Leave-one-out,2,PR-AUC,,,
564,toy_example,80,44,mrmr_wrapper,GaussianNB(),3,Leave-one-out,2,PR-AUC,0.734375,,
565,toy_example,80,44,f_classif_wrapper,GaussianNB(),4,Leave-one-out,2,PR-AUC,0.734375,,
566,toy_example,80,44,RFE_wrapper,GaussianNB(),4,Leave-one-out,2,PR-AUC,0.609375,,
567,toy_example,80,44,relieff_wrapper,GaussianNB(),4,Leave-one-out,2,PR-AUC,0.75,,
568,toy_example,80,44,relaxed_lasso_wrapper,GaussianNB(),4,Leave-one-out,2,PR-AUC,,,
569,toy_example,80,44,mrmr_wrapper,GaussianNB(),4,Leave-one-out,2,PR-AUC,0.734375,,
570,toy_example,80,44,f_classif_wrapper,GaussianNB(),5,Leave-one-out,2,PR-AUC,0.75,,
571,toy_example,80,44,RFE_wrapper,GaussianNB(),5,Leave-one-out,2,PR-AUC,0.6875,,
572,toy_example,80,44,relieff_wrapper,GaussianNB(),5,Leave-one-out,2,PR-AUC,0.75,,
573,toy_example,80,44,relaxed_lasso_wrapper,GaussianNB(),5,Leave-one-out,2,PR-AUC,,,
574,toy_example,80,44,mrmr_wrapper,GaussianNB(),5,Leave-one-out,2,PR-AUC,0.71875,,
575,toy_example,80,44,f_classif_wrapper,GaussianNB(),10,Leave-one-out,2,PR-AUC,0.765625,,
576,toy_example,80,44,RFE_wrapper,GaussianNB(),10,Leave-one-out,2,PR-AUC,0.71875,,
577,toy_example,80,44,relieff_wrapper,GaussianNB(),10,Leave-one-out,2,PR-AUC,0.75,,
578,toy_example,80,44,relaxed_lasso_wrapper,GaussianNB(),10,Leave-one-out,2,PR-AUC,,,
579,toy_example,80,44,mrmr_wrapper,GaussianNB(),10,Leave-one-out,2,PR-AUC,0.796875,,
580,toy_example,80,44,f_classif_wrapper,GaussianNB(),15,Leave-one-out,2,PR-AUC,0.734375,,
581,toy_example,80,44,RFE_wrapper,GaussianNB(),15,Leave-one-out,2,PR-AUC,0.796875,,
582,toy_example,80,44,relieff_wrapper,GaussianNB(),15,Leave-one-out,2,PR-AUC,0.78125,,
583,toy_example,80,44,relaxed_lasso_wrapper,GaussianNB(),15,Leave-one-out,2,PR-AUC,,,
584,toy_example,80,44,mrmr_wrapper,GaussianNB(),15,Leave-one-out,2,PR-AUC,0.78125,,
585,toy_example,80,44,f_classif_wrapper,GaussianNB(),20,Leave-one-out,2,PR-AUC,0.765625,,
586,toy_example,80,44,RFE_wrapper,GaussianNB(),20,Leave-one-out,2,PR-AUC,0.78125,,
587,toy_example,80,44,relieff_wrapper,GaussianNB(),20,Leave-one-out,2,PR-AUC,0.78125,,
588,toy_example,80,44,relaxed_lasso_wrapper,GaussianNB(),20,Leave-one-out,2,PR-AUC,,,
589,toy_example,80,44,mrmr_wrapper,GaussianNB(),20,Leave-one-out,2,PR-AUC,0.765625,,
590,toy_example,80,44,f_classif_wrapper,GaussianNB(),30,Leave-one-out,2,PR-AUC,0.78125,,
591,toy_example,80,44,RFE_wrapper,GaussianNB(),30,Leave-one-out,2,PR-AUC,0.78125,,
592,toy_example,80,44,relieff_wrapper,GaussianNB(),30,Leave-one-out,2,PR-AUC,0.796875,,
593,toy_example,80,44,relaxed_lasso_wrapper,GaussianNB(),30,Leave-one-out,2,PR-AUC,,,
594,toy_example,80,44,mrmr_wrapper,GaussianNB(),30,Leave-one-out,2,PR-AUC,0.734375,,
595,toy_example,80,44,f_classif_wrapper,GaussianNB(),50,Leave-one-out,2,PR-AUC,,,
596,toy_example,80,44,RFE_wrapper,GaussianNB(),50,Leave-one-out,2,PR-AUC,,,
597,toy_example,80,44,relieff_wrapper,GaussianNB(),50,Leave-one-out,2,PR-AUC,,,
598,toy_example,80,44,relaxed_lasso_wrapper,GaussianNB(),50,Leave-one-out,2,PR-AUC,,,
599,toy_example,80,44,mrmr_wrapper,GaussianNB(),50,Leave-one-out,2,PR-AUC,,,
600,toy_example,80,44,f_classif_wrapper,GaussianNB(),100,Leave-one-out,2,PR-AUC,,,
601,toy_example,80,44,RFE_wrapper,GaussianNB(),100,Leave-one-out,2,PR-AUC,,,
602,toy_example,80,44,relieff_wrapper,GaussianNB(),100,Leave-one-out,2,PR-AUC,,,
603,toy_example,80,44,relaxed_lasso_wrapper,GaussianNB(),100,Leave-one-out,2,PR-AUC,,,
604,toy_example,80,44,mrmr_wrapper,GaussianNB(),100,Leave-one-out,2,PR-AUC,,,
605,toy_example,80,44,f_classif_wrapper,SVC(),1,Leave-one-out,2,PR-AUC,,,
606,toy_example,80,44,RFE_wrapper,SVC(),1,Leave-one-out,2,PR-AUC,,,
607,toy_example,80,44,relieff_wrapper,SVC(),1,Leave-one-out,2,PR-AUC,,,
608,toy_example,80,44,relaxed_lasso_wrapper,SVC(),1,Leave-one-out,2,PR-AUC,,,
609,toy_example,80,44,mrmr_wrapper,SVC(),1,Leave-one-out,2,PR-AUC,,,
610,toy_example,80,44,f_classif_wrapper,SVC(),2,Leave-one-out,2,PR-AUC,,,
611,toy_example,80,44,RFE_wrapper,SVC(),2,Leave-one-out,2,PR-AUC,,,
612,toy_example,80,44,relieff_wrapper,SVC(),2,Leave-one-out,2,PR-AUC,,,
613,toy_example,80,44,relaxed_lasso_wrapper,SVC(),2,Leave-one-out,2,PR-AUC,,,
614,toy_example,80,44,mrmr_wrapper,SVC(),2,Leave-one-out,2,PR-AUC,,,
615,toy_example,80,44,f_classif_wrapper,SVC(),3,Leave-one-out,2,PR-AUC,,,
616,toy_example,80,44,RFE_wrapper,SVC(),3,Leave-one-out,2,PR-AUC,,,
617,toy_example,80,44,relieff_wrapper,SVC(),3,Leave-one-out,2,PR-AUC,,,
618,toy_example,80,44,relaxed_lasso_wrapper,SVC(),3,Leave-one-out,2,PR-AUC,,,
619,toy_example,80,44,mrmr_wrapper,SVC(),3,Leave-one-out,2,PR-AUC,,,
620,toy_example,80,44,f_classif_wrapper,SVC(),4,Leave-one-out,2,PR-AUC,,,
621,toy_example,80,44,RFE_wrapper,SVC(),4,Leave-one-out,2,PR-AUC,,,
622,toy_example,80,44,relieff_wrapper,SVC(),4,Leave-one-out,2,PR-AUC,,,
623,toy_example,80,44,relaxed_lasso_wrapper,SVC(),4,Leave-one-out,2,PR-AUC,,,
624,toy_example,80,44,mrmr_wrapper,SVC(),4,Leave-one-out,2,PR-AUC,,,
625,toy_example,80,44,f_classif_wrapper,SVC(),5,Leave-one-out,2,PR-AUC,,,
626,toy_example,80,44,RFE_wrapper,SVC(),5,Leave-one-out,2,PR-AUC,,,
627,toy_example,80,44,relieff_wrapper,SVC(),5,Leave-one-out,2,PR-AUC,,,
628,toy_example,80,44,relaxed_lasso_wrapper,SVC(),5,Leave-one-out,2,PR-AUC,,,
629,toy_example,80,44,mrmr_wrapper,SVC(),5,Leave-one-out,2,PR-AUC,,,
630,toy_example,80,44,f_classif_wrapper,SVC(),10,Leave-one-out,2,PR-AUC,,,
631,toy_example,80,44,RFE_wrapper,SVC(),10,Leave-one-out,2,PR-AUC,,,
632,toy_example,80,44,relieff_wrapper,SVC(),10,Leave-one-out,2,PR-AUC,,,
633,toy_example,80,44,relaxed_lasso_wrapper,SVC(),10,Leave-one-out,2,PR-AUC,,,
634,toy_example,80,44,mrmr_wrapper,SVC(),10,Leave-one-out,2,PR-AUC,,,
635,toy_example,80,44,f_classif_wrapper,SVC(),15,Leave-one-out,2,PR-AUC,,,
636,toy_example,80,44,RFE_wrapper,SVC(),15,Leave-one-out,2,PR-AUC,,,
637,toy_example,80,44,relieff_wrapper,SVC(),15,Leave-one-out,2,PR-AUC,,,
638,toy_example,80,44,relaxed_lasso_wrapper,SVC(),15,Leave-one-out,2,PR-AUC,,,
639,toy_example,80,44,mrmr_wrapper,SVC(),15,Leave-one-out,2,PR-AUC,,,
640,toy_example,80,44,f_classif_wrapper,SVC(),20,Leave-one-out,2,PR-AUC,,,
641,toy_example,80,44,RFE_wrapper,SVC(),20,Leave-one-out,2,PR-AUC,,,
642,toy_example,80,44,relieff_wrapper,SVC(),20,Leave-one-out,2,PR-AUC,,,
643,toy_example,80,44,relaxed_lasso_wrapper,SVC(),20,Leave-one-out,2,PR-AUC,,,
644,toy_example,80,44,mrmr_wrapper,SVC(),20,Leave-one-out,2,PR-AUC,,,
645,toy_example,80,44,f_classif_wrapper,SVC(),30,Leave-one-out,2,PR-AUC,,,
646,toy_example,80,44,RFE_wrapper,SVC(),30,Leave-one-out,2,PR-AUC,,,
647,toy_example,80,44,relieff_wrapper,SVC(),30,Leave-one-out,2,PR-AUC,,,
648,toy_example,80,44,relaxed_lasso_wrapper,SVC(),30,Leave-one-out,2,PR-AUC,,,
649,toy_example,80,44,mrmr_wrapper,SVC(),30,Leave-one-out,2,PR-AUC,,,
650,toy_example,80,44,f_classif_wrapper,SVC(),50,Leave-one-out,2,PR-AUC,,,
651,toy_example,80,44,RFE_wrapper,SVC(),50,Leave-one-out,2,PR-AUC,,,
652,toy_example,80,44,relieff_wrapper,SVC(),50,Leave-one-out,2,PR-AUC,,,
653,toy_example,80,44,relaxed_lasso_wrapper,SVC(),50,Leave-one-out,2,PR-AUC,,,
654,toy_example,80,44,mrmr_wrapper,SVC(),50,Leave-one-out,2,PR-AUC,,,
655,toy_example,80,44,f_classif_wrapper,SVC(),100,Leave-one-out,2,PR-AUC,,,
656,toy_example,80,44,RFE_wrapper,SVC(),100,Leave-one-out,2,PR-AUC,,,
657,toy_example,80,44,relieff_wrapper,SVC(),100,Leave-one-out,2,PR-AUC,,,
658,toy_example,80,44,relaxed_lasso_wrapper,SVC(),100,Leave-one-out,2,PR-AUC,,,
659,toy_example,80,44,mrmr_wrapper,SVC(),100,Leave-one-out,2,PR-AUC,,,
660,toy_example,80,44,f_classif_wrapper,RandomForestClassifier(),1,Leave-one-out,2,PR-AUC,0.671875,,
661,toy_example,80,44,RFE_wrapper,RandomForestClassifier(),1,Leave-one-out,2,PR-AUC,0.59375,,
662,toy_example,80,44,relieff_wrapper,RandomForestClassifier(),1,Leave-one-out,2,PR-AUC,0.671875,,
663,toy_example,80,44,relaxed_lasso_wrapper,RandomForestClassifier(),1,Leave-one-out,2,PR-AUC,,,
664,toy_example,80,44,mrmr_wrapper,RandomForestClassifier(),1,Leave-one-out,2,PR-AUC,0.5625,,
665,toy_example,80,44,f_classif_wrapper,RandomForestClassifier(),2,Leave-one-out,2,PR-AUC,0.640625,,
666,toy_example,80,44,RFE_wrapper,RandomForestClassifier(),2,Leave-one-out,2,PR-AUC,0.6875,,
667,toy_example,80,44,relieff_wrapper,RandomForestClassifier(),2,Leave-one-out,2,PR-AUC,0.671875,,
668,toy_example,80,44,relaxed_lasso_wrapper,RandomForestClassifier(),2,Leave-one-out,2,PR-AUC,,,
669,toy_example,80,44,mrmr_wrapper,RandomForestClassifier(),2,Leave-one-out,2,PR-AUC,0.671875,,
670,toy_example,80,44,f_classif_wrapper,RandomForestClassifier(),3,Leave-one-out,2,PR-AUC,0.6875,,
671,toy_example,80,44,RFE_wrapper,RandomForestClassifier(),3,Leave-one-out,2,PR-AUC,0.65625,,
672,toy_example,80,44,relieff_wrapper,RandomForestClassifier(),3,Leave-one-out,2,PR-AUC,0.640625,,
673,toy_example,80,44,relaxed_lasso_wrapper,RandomForestClassifier(),3,Leave-one-out,2,PR-AUC,,,
674,toy_example,80,44,mrmr_wrapper,RandomForestClassifier(),3,Leave-one-out,2,PR-AUC,0.671875,,
675,toy_example,80,44,f_classif_wrapper,RandomForestClassifier(),4,Leave-one-out,2,PR-AUC,0.734375,,
676,toy_example,80,44,RFE_wrapper,RandomForestClassifier(),4,Leave-one-out,2,PR-AUC,0.59375,,
677,toy_example,80,44,relieff_wrapper,RandomForestClassifier(),4,Leave-one-out,2,PR-AUC,0.671875,,
678,toy_example,80,44,relaxed_lasso_wrapper,RandomForestClassifier(),4,Leave-one-out,2,PR-AUC,,,
679,toy_example,80,44,mrmr_wrapper,RandomForestClassifier(),4,Leave-one-out,2,PR-AUC,0.6875,,
680,toy_example,80,44,f_classif_wrapper,RandomForestClassifier(),5,Leave-one-out,2,PR-AUC,0.75,,
681,toy_example,80,44,RFE_wrapper,RandomForestClassifier(),5,Leave-one-out,2,PR-AUC,0.703125,,
682,toy_example,80,44,relieff_wrapper,RandomForestClassifier(),5,Leave-one-out,2,PR-AUC,0.6875,,
683,toy_example,80,44,relaxed_lasso_wrapper,RandomForestClassifier(),5,Leave-one-out,2,PR-AUC,,,
684,toy_example,80,44,mrmr_wrapper,RandomForestClassifier(),5,Leave-one-out,2,PR-AUC,0.65625,,
685,toy_example,80,44,f_classif_wrapper,RandomForestClassifier(),10,Leave-one-out,2,PR-AUC,0.75,,
686,toy_example,80,44,RFE_wrapper,RandomForestClassifier(),10,Leave-one-out,2,PR-AUC,0.671875,,
687,toy_example,80,44,relieff_wrapper,RandomForestClassifier(),10,Leave-one-out,2,PR-AUC,0.703125,,
688,toy_example,80,44,relaxed_lasso_wrapper,RandomForestClassifier(),10,Leave-one-out,2,PR-AUC,,,
689,toy_example,80,44,mrmr_wrapper,RandomForestClassifier(),10,Leave-one-out,2,PR-AUC,0.75,,
690,toy_example,80,44,f_classif_wrapper,RandomForestClassifier(),15,Leave-one-out,2,PR-AUC,0.75,,
691,toy_example,80,44,RFE_wrapper,RandomForestClassifier(),15,Leave-one-out,2,PR-AUC,0.703125,,
692,toy_example,80,44,relieff_wrapper,RandomForestClassifier(),15,Leave-one-out,2,PR-AUC,0.71875,,
693,toy_example,80,44,relaxed_lasso_wrapper,RandomForestClassifier(),15,Leave-one-out,2,PR-AUC,,,
694,toy_example,80,44,mrmr_wrapper,RandomForestClassifier(),15,Leave-one-out,2,PR-AUC,0.796875,,
695,toy_example,80,44,f_classif_wrapper,RandomForestClassifier(),20,Leave-one-out,2,PR-AUC,0.75,,
696,toy_example,80,44,RFE_wrapper,RandomForestClassifier(),20,Leave-one-out,2,PR-AUC,0.734375,,
697,toy_example,80,44,relieff_wrapper,RandomForestClassifier(),20,Leave-one-out,2,PR-AUC,0.734375,,
698,toy_example,80,44,relaxed_lasso_wrapper,RandomForestClassifier(),20,Leave-one-out,2,PR-AUC,,,
699,toy_example,80,44,mrmr_wrapper,RandomForestClassifier(),20,Leave-one-out,2,PR-AUC,0.75,,
700,toy_example,80,44,f_classif_wrapper,RandomForestClassifier(),30,Leave-one-out,2,PR-AUC,0.75,,
701,toy_example,80,44,RFE_wrapper,RandomForestClassifier(),30,Leave-one-out,2,PR-AUC,0.71875,,
702,toy_example,80,44,relieff_wrapper,RandomForestClassifier(),30,Leave-one-out,2,PR-AUC,0.78125,,
703,toy_example,80,44,relaxed_lasso_wrapper,RandomForestClassifier(),30,Leave-one-out,2,PR-AUC,,,
704,toy_example,80,44,mrmr_wrapper,RandomForestClassifier(),30,Leave-one-out,2,PR-AUC,0.703125,,
705,toy_example,80,44,f_classif_wrapper,RandomForestClassifier(),50,Leave-one-out,2,PR-AUC,,,
706,toy_example,80,44,RFE_wrapper,RandomForestClassifier(),50,Leave-one-out,2,PR-AUC,,,
707,toy_example,80,44,relieff_wrapper,RandomForestClassifier(),50,Leave-one-out,2,PR-AUC,,,
708,toy_example,80,44,relaxed_lasso_wrapper,RandomForestClassifier(),50,Leave-one-out,2,PR-AUC,,,
709,toy_example,80,44,mrmr_wrapper,RandomForestClassifier(),50,Leave-one-out,2,PR-AUC,,,
710,toy_example,80,44,f_classif_wrapper,RandomForestClassifier(),100,Leave-one-out,2,PR-AUC,,,
711,toy_example,80,44,RFE_wrapper,RandomForestClassifier(),100,Leave-one-out,2,PR-AUC,,,
712,toy_example,80,44,relieff_wrapper,RandomForestClassifier(),100,Leave-one-out,2,PR-AUC,,,
713,toy_example,80,44,relaxed_lasso_wrapper,RandomForestClassifier(),100,Leave-one-out,2,PR-AUC,,,
714,toy_example,80,44,mrmr_wrapper,RandomForestClassifier(),100,Leave-one-out,2,PR-AUC,,,
715,toy_example,80,44,f_classif_wrapper,LogisticRegression(),1,Leave-one-out,2,PR-AUC,0.703125,,
716,toy_example,80,44,RFE_wrapper,LogisticRegression(),1,Leave-one-out,2,PR-AUC,0.609375,,
717,toy_example,80,44,relieff_wrapper,LogisticRegression(),1,Leave-one-out,2,PR-AUC,0.703125,,
718,toy_example,80,44,relaxed_lasso_wrapper,LogisticRegression(),1,Leave-one-out,2,PR-AUC,,,
719,toy_example,80,44,mrmr_wrapper,LogisticRegression(),1,Leave-one-out,2,PR-AUC,0.671875,,
720,toy_example,80,44,f_classif_wrapper,LogisticRegression(),2,Leave-one-out,2,PR-AUC,0.703125,,
721,toy_example,80,44,RFE_wrapper,LogisticRegression(),2,Leave-one-out,2,PR-AUC,0.546875,,
722,toy_example,80,44,relieff_wrapper,LogisticRegression(),2,Leave-one-out,2,PR-AUC,0.640625,,
723,toy_example,80,44,relaxed_lasso_wrapper,LogisticRegression(),2,Leave-one-out,2,PR-AUC,,,
724,toy_example,80,44,mrmr_wrapper,LogisticRegression(),2,Leave-one-out,2,PR-AUC,0.59375,,
725,toy_example,80,44,f_classif_wrapper,LogisticRegression(),3,Leave-one-out,2,PR-AUC,0.671875,,
726,toy_example,80,44,RFE_wrapper,LogisticRegression(),3,Leave-one-out,2,PR-AUC,0.609375,,
727,toy_example,80,44,relieff_wrapper,LogisticRegression(),3,Leave-one-out,2,PR-AUC,0.6875,,
728,toy_example,80,44,relaxed_lasso_wrapper,LogisticRegression(),3,Leave-one-out,2,PR-AUC,,,
729,toy_example,80,44,mrmr_wrapper,LogisticRegression(),3,Leave-one-out,2,PR-AUC,0.65625,,
730,toy_example,80,44,f_classif_wrapper,LogisticRegression(),4,Leave-one-out,2,PR-AUC,0.71875,,
731,toy_example,80,44,RFE_wrapper,LogisticRegression(),4,Leave-one-out,2,PR-AUC,0.53125,,
732,toy_example,80,44,relieff_wrapper,LogisticRegression(),4,Leave-one-out,2,PR-AUC,0.65625,,
733,toy_example,80,44,relaxed_lasso_wrapper,LogisticRegression(),4,Leave-one-out,2,PR-AUC,,,
734,toy_example,80,44,mrmr_wrapper,LogisticRegression(),4,Leave-one-out,2,PR-AUC,0.65625,,
735,toy_example,80,44,f_classif_wrapper,LogisticRegression(),5,Leave-one-out,2,PR-AUC,0.703125,,
736,toy_example,80,44,RFE_wrapper,LogisticRegression(),5,Leave-one-out,2,PR-AUC,0.65625,,
737,toy_example,80,44,relieff_wrapper,LogisticRegression(),5,Leave-one-out,2,PR-AUC,0.703125,,
738,toy_example,80,44,relaxed_lasso_wrapper,LogisticRegression(),5,Leave-one-out,2,PR-AUC,,,
739,toy_example,80,44,mrmr_wrapper,LogisticRegression(),5,Leave-one-out,2,PR-AUC,0.625,,
740,toy_example,80,44,f_classif_wrapper,LogisticRegression(),10,Leave-one-out,2,PR-AUC,0.734375,,
741,toy_example,80,44,RFE_wrapper,LogisticRegression(),10,Leave-one-out,2,PR-AUC,0.734375,,
742,toy_example,80,44,relieff_wrapper,LogisticRegression(),10,Leave-one-out,2,PR-AUC,0.6875,,
743,toy_example,80,44,relaxed_lasso_wrapper,LogisticRegression(),10,Leave-one-out,2,PR-AUC,,,
744,toy_example,80,44,mrmr_wrapper,LogisticRegression(),10,Leave-one-out,2,PR-AUC,0.765625,,
745,toy_example,80,44,f_classif_wrapper,LogisticRegression(),15,Leave-one-out,2,PR-AUC,0.75,,
746,toy_example,80,44,RFE_wrapper,LogisticRegression(),15,Leave-one-out,2,PR-AUC,0.78125,,
747,toy_example,80,44,relieff_wrapper,LogisticRegression(),15,Leave-one-out,2,PR-AUC,0.71875,,
748,toy_example,80,44,relaxed_lasso_wrapper,LogisticRegression(),15,Leave-one-out,2,PR-AUC,,,
749,toy_example,80,44,mrmr_wrapper,LogisticRegression(),15,Leave-one-out,2,PR-AUC,0.765625,,
750,toy_example,80,44,f_classif_wrapper,LogisticRegression(),20,Leave-one-out,2,PR-AUC,0.71875,,
751,toy_example,80,44,RFE_wrapper,LogisticRegression(),20,Leave-one-out,2,PR-AUC,0.71875,,
752,toy_example,80,44,relieff_wrapper,LogisticRegression(),20,Leave-one-out,2,PR-AUC,0.734375,,
753,toy_example,80,44,relaxed_lasso_wrapper,LogisticRegression(),20,Leave-one-out,2,PR-AUC,,,
754,toy_example,80,44,mrmr_wrapper,LogisticRegression(),20,Leave-one-out,2,PR-AUC,0.703125,,
755,toy_example,80,44,f_classif_wrapper,LogisticRegression(),30,Leave-one-out,2,PR-AUC,0.734375,,
756,toy_example,80,44,RFE_wrapper,LogisticRegression(),30,Leave-one-out,2,PR-AUC,0.765625,,
757,toy_example,80,44,relieff_wrapper,LogisticRegression(),30,Leave-one-out,2,PR-AUC,0.75,,
758,toy_example,80,44,relaxed_lasso_wrapper,LogisticRegression(),30,Leave-one-out,2,PR-AUC,,,
759,toy_example,80,44,mrmr_wrapper,LogisticRegression(),30,Leave-one-out,2,PR-AUC,0.75,,
760,toy_example,80,44,f_classif_wrapper,LogisticRegression(),50,Leave-one-out,2,PR-AUC,,,
761,toy_example,80,44,RFE_wrapper,LogisticRegression(),50,Leave-one-out,2,PR-AUC,,,
762,toy_example,80,44,relieff_wrapper,LogisticRegression(),50,Leave-one-out,2,PR-AUC,,,
763,toy_example,80,44,relaxed_lasso_wrapper,LogisticRegression(),50,Leave-one-out,2,PR-AUC,,,
764,toy_example,80,44,mrmr_wrapper,LogisticRegression(),50,Leave-one-out,2,PR-AUC,,,
765,toy_example,80,44,f_classif_wrapper,LogisticRegression(),100,Leave-one-out,2,PR-AUC,,,
766,toy_example,80,44,RFE_wrapper,LogisticRegression(),100,Leave-one-out,2,PR-AUC,,,
767,toy_example,80,44,relieff_wrapper,LogisticRegression(),100,Leave-one-out,2,PR-AUC,,,
768,toy_example,80,44,relaxed_lasso_wrapper,LogisticRegression(),100,Leave-one-out,2,PR-AUC,,,
769,toy_example,80,44,mrmr_wrapper,LogisticRegression(),100,Leave-one-out,2,PR-AUC,,,
770,toy_example,80,44,f_classif_wrapper,KNeighborsClassifier(),1,Leave-one-out,2,PR-AUC,0.671875,,
771,toy_example,80,44,RFE_wrapper,KNeighborsClassifier(),1,Leave-one-out,2,PR-AUC,0.46875,,
772,toy_example,80,44,relieff_wrapper,KNeighborsClassifier(),1,Leave-one-out,2,PR-AUC,0.671875,,
773,toy_example,80,44,relaxed_lasso_wrapper,KNeighborsClassifier(),1,Leave-one-out,2,PR-AUC,,,
774,toy_example,80,44,mrmr_wrapper,KNeighborsClassifier(),1,Leave-one-out,2,PR-AUC,0.578125,,
775,toy_example,80,44,f_classif_wrapper,KNeighborsClassifier(),2,Leave-one-out,2,PR-AUC,0.71875,,
776,toy_example,80,44,RFE_wrapper,KNeighborsClassifier(),2,Leave-one-out,2,PR-AUC,0.578125,,
777,toy_example,80,44,relieff_wrapper,KNeighborsClassifier(),2,Leave-one-out,2,PR-AUC,0.703125,,
778,toy_example,80,44,relaxed_lasso_wrapper,KNeighborsClassifier(),2,Leave-one-out,2,PR-AUC,,,
779,toy_example,80,44,mrmr_wrapper,KNeighborsClassifier(),2,Leave-one-out,2,PR-AUC,0.609375,,
780,toy_example,80,44,f_classif_wrapper,KNeighborsClassifier(),3,Leave-one-out,2,PR-AUC,0.671875,,
781,toy_example,80,44,RFE_wrapper,KNeighborsClassifier(),3,Leave-one-out,2,PR-AUC,0.515625,,
782,toy_example,80,44,relieff_wrapper,KNeighborsClassifier(),3,Leave-one-out,2,PR-AUC,0.65625,,
783,toy_example,80,44,relaxed_lasso_wrapper,KNeighborsClassifier(),3,Leave-one-out,2,PR-AUC,,,
784,toy_example,80,44,mrmr_wrapper,KNeighborsClassifier(),3,Leave-one-out,2,PR-AUC,0.671875,,
785,toy_example,80,44,f_classif_wrapper,KNeighborsClassifier(),4,Leave-one-out,2,PR-AUC,0.71875,,
786,toy_example,80,44,RFE_wrapper,KNeighborsClassifier(),4,Leave-one-out,2,PR-AUC,0.671875,,
787,toy_example,80,44,relieff_wrapper,KNeighborsClassifier(),4,Leave-one-out,2,PR-AUC,0.703125,,
788,toy_example,80,44,relaxed_lasso_wrapper,KNeighborsClassifier(),4,Leave-one-out,2,PR-AUC,,,
789,toy_example,80,44,mrmr_wrapper,KNeighborsClassifier(),4,Leave-one-out,2,PR-AUC,0.65625,,
790,toy_example,80,44,f_classif_wrapper,KNeighborsClassifier(),5,Leave-one-out,2,PR-AUC,0.71875,,
791,toy_example,80,44,RFE_wrapper,KNeighborsClassifier(),5,Leave-one-out,2,PR-AUC,0.671875,,
792,toy_example,80,44,relieff_wrapper,KNeighborsClassifier(),5,Leave-one-out,2,PR-AUC,0.71875,,
793,toy_example,80,44,relaxed_lasso_wrapper,KNeighborsClassifier(),5,Leave-one-out,2,PR-AUC,,,
794,toy_example,80,44,mrmr_wrapper,KNeighborsClassifier(),5,Leave-one-out,2,PR-AUC,0.65625,,
795,toy_example,80,44,f_classif_wrapper,KNeighborsClassifier(),10,Leave-one-out,2,PR-AUC,0.734375,,
796,toy_example,80,44,RFE_wrapper,KNeighborsClassifier(),10,Leave-one-out,2,PR-AUC,0.734375,,
797,toy_example,80,44,relieff_wrapper,KNeighborsClassifier(),10,Leave-one-out,2,PR-AUC,0.71875,,
798,toy_example,80,44,relaxed_lasso_wrapper,KNeighborsClassifier(),10,Leave-one-out,2,PR-AUC,,,
799,toy_example,80,44,mrmr_wrapper,KNeighborsClassifier(),10,Leave-one-out,2,PR-AUC,0.640625,,
800,toy_example,80,44,f_classif_wrapper,KNeighborsClassifier(),15,Leave-one-out,2,PR-AUC,0.703125,,
801,toy_example,80,44,RFE_wrapper,KNeighborsClassifier(),15,Leave-one-out,2,PR-AUC,0.703125,,
802,toy_example,80,44,relieff_wrapper,KNeighborsClassifier(),15,Leave-one-out,2,PR-AUC,0.734375,,
803,toy_example,80,44,relaxed_lasso_wrapper,KNeighborsClassifier(),15,Leave-one-out,2,PR-AUC,,,
804,toy_example,80,44,mrmr_wrapper,KNeighborsClassifier(),15,Leave-one-out,2,PR-AUC,0.671875,,
805,toy_example,80,44,f_classif_wrapper,KNeighborsClassifier(),20,Leave-one-out,2,PR-AUC,0.71875,,
806,toy_example,80,44,RFE_wrapper,KNeighborsClassifier(),20,Leave-one-out,2,PR-AUC,0.734375,,
807,toy_example,80,44,relieff_wrapper,KNeighborsClassifier(),20,Leave-one-out,2,PR-AUC,0.703125,,
808,toy_example,80,44,relaxed_lasso_wrapper,KNeighborsClassifier(),20,Leave-one-out,2,PR-AUC,,,
809,toy_example,80,44,mrmr_wrapper,KNeighborsClassifier(),20,Leave-one-out,2,PR-AUC,0.78125,,
810,toy_example,80,44,f_classif_wrapper,KNeighborsClassifier(),30,Leave-one-out,2,PR-AUC,0.765625,,
811,toy_example,80,44,RFE_wrapper,KNeighborsClassifier(),30,Leave-one-out,2,PR-AUC,0.71875,,
812,toy_example,80,44,relieff_wrapper,KNeighborsClassifier(),30,Leave-one-out,2,PR-AUC,0.765625,,
813,toy_example,80,44,relaxed_lasso_wrapper,KNeighborsClassifier(),30,Leave-one-out,2,PR-AUC,,,
814,toy_example,80,44,mrmr_wrapper,KNeighborsClassifier(),30,Leave-one-out,2,PR-AUC,0.734375,,
815,toy_example,80,44,f_classif_wrapper,KNeighborsClassifier(),50,Leave-one-out,2,PR-AUC,,,
816,toy_example,80,44,RFE_wrapper,KNeighborsClassifier(),50,Leave-one-out,2,PR-AUC,,,
817,toy_example,80,44,relieff_wrapper,KNeighborsClassifier(),50,Leave-one-out,2,PR-AUC,,,
818,toy_example,80,44,relaxed_lasso_wrapper,KNeighborsClassifier(),50,Leave-one-out,2,PR-AUC,,,
819,toy_example,80,44,mrmr_wrapper,KNeighborsClassifier(),50,Leave-one-out,2,PR-AUC,,,
820,toy_example,80,44,f_classif_wrapper,KNeighborsClassifier(),100,Leave-one-out,2,PR-AUC,,,
821,toy_example,80,44,RFE_wrapper,KNeighborsClassifier(),100,Leave-one-out,2,PR-AUC,,,
822,toy_example,80,44,relieff_wrapper,KNeighborsClassifier(),100,Leave-one-out,2,PR-AUC,,,
823,toy_example,80,44,relaxed_lasso_wrapper,KNeighborsClassifier(),100,Leave-one-out,2,PR-AUC,,,
824,toy_example,80,44,mrmr_wrapper,KNeighborsClassifier(),100,Leave-one-out,2,PR-AUC,,,
